precipitacio,dia
,18.04.2013
,19.04.2013
,20.04.2013
,21.04.2013
,22.04.2013
,23.04.2013
,24.04.2013
,25.04.2013
,26.04.2013
,27.04.2013
,28.04.2013
,29.04.2013
,30.04.2013
,01.05.2013
,02.05.2013
,03.05.2013
,04.05.2013
,05.05.2013
,06.05.2013
,07.05.2013
,08.05.2013
,09.05.2013
,10.05.2013
,11.05.2013
,12.05.2013
,13.05.2013
,14.05.2013
,15.05.2013
,16.05.2013
,17.05.2013
,18.05.2013
,19.05.2013
,20.05.2013
,21.05.2013
,22.05.2013
,23.05.2013
,24.05.2013
,25.05.2013
,26.05.2013
,27.05.2013
,28.05.2013
,29.05.2013
,30.05.2013
,31.05.2013
,01.06.2013
,02.06.2013
,03.06.2013
,04.06.2013
,05.06.2013
,06.06.2013
,07.06.2013
,08.06.2013
,09.06.2013
,10.06.2013
,12.06.2013
,13.06.2013
,14.06.2013
,15.06.2013
,16.06.2013
,17.06.2013
,18.06.2013
,19.06.2013
,20.06.2013
,21.06.2013
,22.06.2013
,23.06.2013
,24.06.2013
,25.06.2013
,26.06.2013
,27.06.2013
,28.06.2013
,29.06.2013
,30.06.2013
,01.07.2013
,02.07.2013
,03.07.2013
,04.07.2013
,05.07.2013
,06.07.2013
,07.07.2013
,08.07.2013
,09.07.2013
,10.07.2013
,11.07.2013
,12.07.2013
,13.07.2013
,14.07.2013
,15.07.2013
,16.07.2013
,17.07.2013
,18.07.2013
,19.07.2013
,20.07.2013
,21.07.2013
,22.07.2013
,23.07.2013
,24.07.2013
,25.07.2013
,26.07.2013
,27.07.2013
,28.07.2013
,29.07.2013
,30.07.2013
,31.07.2013
,01.08.2013
,02.08.2013
,03.08.2013
,04.08.2013
,05.08.2013
,06.08.2013
,07.08.2013
,08.08.2013
,09.08.2013
,10.08.2013
,11.08.2013
,12.08.2013
,13.08.2013
,14.08.2013
,15.08.2013
,16.08.2013
,17.08.2013
,18.08.2013
,19.08.2013
,20.08.2013
,21.08.2013
,22.08.2013
,23.08.2013
,24.08.2013
,25.08.2013
,26.08.2013
,27.08.2013
,28.08.2013
,29.08.2013
,30.08.2013
,31.08.2013
,01.09.2013
,02.09.2013
,03.09.2013
,04.09.2013
,05.09.2013
,06.09.2013
,07.09.2013
,08.09.2013
,09.09.2013
,10.09.2013
,11.09.2013
,12.09.2013
,13.09.2013
,14.09.2013
,15.09.2013
,16.09.2013
,17.09.2013
,18.09.2013
,20.09.2013
,21.09.2013
,22.09.2013
,23.09.2013
,24.09.2013
,25.09.2013
,26.09.2013
,27.09.2013
,28.09.2013
,29.09.2013
,30.09.2013
,01.10.2013
,02.10.2013
,03.10.2013
,04.10.2013
,05.10.2013
,06.10.2013
,07.10.2013
,08.10.2013
,10.10.2013
,11.10.2013
,12.10.2013
,13.10.2013
,14.10.2013
,15.10.2013
,16.10.2013
,17.10.2013
,18.10.2013
,19.10.2013
,20.10.2013
,21.10.2013
,22.10.2013
,23.10.2013
,24.10.2013
,25.10.2013
,26.10.2013
,27.10.2013
,28.10.2013
,29.10.2013
,30.10.2013
,31.10.2013
,01.11.2013
,02.11.2013
,03.11.2013
,04.11.2013
,05.11.2013
,06.11.2013
,07.11.2013
,08.11.2013
,09.11.2013
,10.11.2013
,11.11.2013
,12.11.2013
,13.11.2013
,14.11.2013
,15.11.2013
,16.11.2013
,17.11.2013
,18.11.2013
,19.11.2013
,20.11.2013
,21.11.2013
,22.11.2013
,23.11.2013
,24.11.2013
,25.11.2013
,26.11.2013
,27.11.2013
,28.11.2013
,29.11.2013
,30.11.2013
,01.12.2013
,02.12.2013
,03.12.2013
,04.12.2013
,05.12.2013
,06.12.2013
,07.12.2013
,08.12.2013
,09.12.2013
,10.12.2013
,11.12.2013
,12.12.2013
,13.12.2013
,14.12.2013
,15.12.2013
,16.12.2013
,17.12.2013
,18.12.2013
,19.12.2013
,20.12.2013
,21.12.2013
,22.12.2013
,23.12.2013
,24.12.2013
,25.12.2013
,26.12.2013
,27.12.2013
,28.12.2013
,29.12.2013
,30.12.2013
,31.12.2013
,01.01.2014
,02.01.2014
,03.01.2014
,04.01.2014
,05.01.2014
,06.01.2014
,07.01.2014
,08.01.2014
,09.01.2014
,10.01.2014
,11.01.2014
,12.01.2014
,13.01.2014
,14.01.2014
,15.01.2014
,16.01.2014
,17.01.2014
,18.01.2014
,19.01.2014
,20.01.2014
,21.01.2014
,22.01.2014
,23.01.2014
,24.01.2014
,25.01.2014
,26.01.2014
,28.01.2014
,29.01.2014
,30.01.2014
,31.01.2014
,01.02.2014
,02.02.2014
,03.02.2014
,04.02.2014
,05.02.2014
,06.02.2014
,07.02.2014
,08.02.2014
,09.02.2014
,10.02.2014
,12.02.2014
,14.02.2014
,15.02.2014
,16.02.2014
,17.02.2014
,18.02.2014
,19.02.2014
,21.02.2014
,22.02.2014
,23.02.2014
,24.02.2014
,25.02.2014
,26.02.2014
,27.02.2014
,28.02.2014
,01.03.2014
,02.03.2014
,03.03.2014
,04.03.2014
,05.03.2014
,06.03.2014
,07.03.2014
,08.03.2014
,09.03.2014
,10.03.2014
,11.03.2014
,12.03.2014
,13.03.2014
,14.03.2014
,15.03.2014
,16.03.2014
,17.03.2014
,18.03.2014
,19.03.2014
,20.03.2014
,21.03.2014
,22.03.2014
,23.03.2014
,24.03.2014
,25.03.2014
,26.03.2014
,27.03.2014
,28.03.2014
,30.03.2014
,31.03.2014
,01.04.2014
,02.04.2014
,03.04.2014
,04.04.2014
,05.04.2014
,06.04.2014
,07.04.2014
,08.04.2014
,09.04.2014
,10.04.2014
,11.04.2014
,12.04.2014
,13.04.2014
,14.04.2014
,15.04.2014
,16.04.2014
,17.04.2014
,18.04.2014
,19.04.2014
,20.04.2014
,21.04.2014
,22.04.2014
,23.04.2014
,24.04.2014
,25.04.2014
,26.04.2014
,27.04.2014
,28.04.2014
,29.04.2014
,30.04.2014
,01.05.2014
,02.05.2014
,03.05.2014
,04.05.2014
,05.05.2014
,06.05.2014
,07.05.2014
,08.05.2014
,09.05.2014
,10.05.2014
,11.05.2014
,12.05.2014
,13.05.2014
,14.05.2014
,15.05.2014
,16.05.2014
,17.05.2014
,18.05.2014
,19.05.2014
,20.05.2014
,21.05.2014
,22.05.2014
,23.05.2014
,24.05.2014
,25.05.2014
,26.05.2014
,27.05.2014
,28.05.2014
,29.05.2014
,30.05.2014
,31.05.2014
,01.06.2014
,02.06.2014
,03.06.2014
,04.06.2014
,05.06.2014
,06.06.2014
,07.06.2014
,08.06.2014
,09.06.2014
,10.06.2014
,11.06.2014
,12.06.2014
,13.06.2014
,14.06.2014
,15.06.2014
,16.06.2014
,17.06.2014
,18.06.2014
,19.06.2014
,20.06.2014
,21.06.2014
,22.06.2014
,23.06.2014
,24.06.2014
,25.06.2014
,26.06.2014
,27.06.2014
,28.06.2014
,29.06.2014
,30.06.2014
,01.07.2014
,02.07.2014
,03.07.2014
,04.07.2014
,05.07.2014
,06.07.2014
,07.07.2014
,08.07.2014
,09.07.2014
,10.07.2014
,11.07.2014
,12.07.2014
,13.07.2014
,14.07.2014
,15.07.2014
,16.07.2014
,17.07.2014
,18.07.2014
,19.07.2014
,20.07.2014
,21.07.2014
,22.07.2014
,23.07.2014
,24.07.2014
,25.07.2014
,27.07.2014
,28.07.2014
,29.07.2014
,30.07.2014
,31.07.2014
,01.08.2014
,02.08.2014
,03.08.2014
,04.08.2014
,05.08.2014
,06.08.2014
,07.08.2014
,08.08.2014
,09.08.2014
,10.08.2014
,11.08.2014
,12.08.2014
,13.08.2014
,14.08.2014
,15.08.2014
,16.08.2014
,17.08.2014
,18.08.2014
,19.08.2014
,20.08.2014
,21.08.2014
,22.08.2014
,23.08.2014
,24.08.2014
,25.08.2014
,26.08.2014
,27.08.2014
,28.08.2014
,29.08.2014
,30.08.2014
,31.08.2014
,01.09.2014
,02.09.2014
,03.09.2014
,04.09.2014
,05.09.2014
,06.09.2014
,07.09.2014
,08.09.2014
,09.09.2014
,10.09.2014
,11.09.2014
,12.09.2014
,13.09.2014
,14.09.2014
,15.09.2014
,16.09.2014
,17.09.2014
,18.09.2014
,19.09.2014
,20.09.2014
,21.09.2014
,22.09.2014
,23.09.2014
,24.09.2014
,25.09.2014
,26.09.2014
,27.09.2014
,28.09.2014
,29.09.2014
,30.09.2014
,01.10.2014
,02.10.2014
,03.10.2014
,04.10.2014
,06.10.2014
,07.10.2014
,08.10.2014
,09.10.2014
,10.10.2014
,11.10.2014
,12.10.2014
,13.10.2014
,14.10.2014
,15.10.2014
,16.10.2014
,17.10.2014
,18.10.2014
,19.10.2014
,20.10.2014
,21.10.2014
,22.10.2014
,24.10.2014
,25.10.2014
,26.10.2014
,27.10.2014
,28.10.2014
,29.10.2014
,30.10.2014
,31.10.2014
,01.11.2014
,02.11.2014
,03.11.2014
,04.11.2014
,05.11.2014
,06.11.2014
,07.11.2014
,08.11.2014
,09.11.2014
,10.11.2014
,11.11.2014
,12.11.2014
,13.11.2014
,14.11.2014
,15.11.2014
,16.11.2014
,17.11.2014
,18.11.2014
,19.11.2014
,20.11.2014
,21.11.2014
,22.11.2014
,23.11.2014
,24.11.2014
,25.11.2014
,26.11.2014
,27.11.2014
,29.11.2014
,30.11.2014
,01.12.2014
,02.12.2014
,03.12.2014
,04.12.2014
,05.12.2014
,06.12.2014
,07.12.2014
,09.12.2014
,10.12.2014
,11.12.2014
,12.12.2014
,13.12.2014
,14.12.2014
,15.12.2014
,16.12.2014
,17.12.2014
,18.12.2014
,19.12.2014
,20.12.2014
,21.12.2014
,22.12.2014
,23.12.2014
,24.12.2014
,25.12.2014
,26.12.2014
,27.12.2014
,28.12.2014
,29.12.2014
,30.12.2014
,31.12.2014
,01.01.2015
,02.01.2015
,03.01.2015
,04.01.2015
,05.01.2015
,06.01.2015
,07.01.2015
,08.01.2015
,09.01.2015
,10.01.2015
,11.01.2015
,12.01.2015
,13.01.2015
,14.01.2015
,16.01.2015
,17.01.2015
,18.01.2015
,19.01.2015
,20.01.2015
,21.01.2015
,22.01.2015
,23.01.2015
,24.01.2015
,25.01.2015
,26.01.2015
,27.01.2015
,28.01.2015
,29.01.2015
,30.01.2015
,31.01.2015
,01.02.2015
,02.02.2015
,03.02.2015
,04.02.2015
,05.02.2015
,06.02.2015
,07.02.2015
,08.02.2015
,09.02.2015
,10.02.2015
,11.02.2015
,12.02.2015
,13.02.2015
,14.02.2015
,15.02.2015
,16.02.2015
,17.02.2015
,18.02.2015
,19.02.2015
,20.02.2015
,21.02.2015
,22.02.2015
,23.02.2015
,24.02.2015
,25.02.2015
,26.02.2015
,27.02.2015
,28.02.2015
,01.03.2015
,02.03.2015
,03.03.2015
,04.03.2015
,05.03.2015
,06.03.2015
,07.03.2015
,08.03.2015
,09.03.2015
,10.03.2015
,11.03.2015
,12.03.2015
,13.03.2015
,14.03.2015
,15.03.2015
,16.03.2015
,17.03.2015
,18.03.2015
,19.03.2015
,20.03.2015
,21.03.2015
,22.03.2015
,23.03.2015
,24.03.2015
,25.03.2015
,26.03.2015
,27.03.2015
,28.03.2015
,29.03.2015
,30.03.2015
,31.03.2015
,01.04.2015
,02.04.2015
,03.04.2015
,04.04.2015
,05.04.2015
,06.04.2015
,07.04.2015
,08.04.2015
,09.04.2015
,10.04.2015
,11.04.2015
,12.04.2015
,13.04.2015
,14.04.2015
,16.04.2015
,17.04.2015
,18.04.2015
,19.04.2015
,20.04.2015
,21.04.2015
,22.04.2015
,23.04.2015
,24.04.2015
,25.04.2015
,26.04.2015
,27.04.2015
,28.04.2015
,29.04.2015
,30.04.2015
,01.05.2015
,02.05.2015
,03.05.2015
,04.05.2015
,05.05.2015
,06.05.2015
,07.05.2015
,08.05.2015
,09.05.2015
,10.05.2015
,11.05.2015
,12.05.2015
,13.05.2015
,14.05.2015
,15.05.2015
,16.05.2015
,17.05.2015
,18.05.2015
,19.05.2015
,20.05.2015
,21.05.2015
,22.05.2015
,23.05.2015
,24.05.2015
,25.05.2015
,26.05.2015
,27.05.2015
,28.05.2015
,29.05.2015
,30.05.2015
,31.05.2015
,01.06.2015
,02.06.2015
,03.06.2015
,04.06.2015
,05.06.2015
,06.06.2015
,07.06.2015
,08.06.2015
,09.06.2015
,10.06.2015
,11.06.2015
,12.06.2015
,13.06.2015
,14.06.2015
,15.06.2015
,16.06.2015
,17.06.2015
,18.06.2015
,19.06.2015
,20.06.2015
,21.06.2015
,22.06.2015
,23.06.2015
,24.06.2015
,25.06.2015
,26.06.2015
,27.06.2015
,28.06.2015
,29.06.2015
,30.06.2015
,01.07.2015
,02.07.2015
,03.07.2015
,04.07.2015
,05.07.2015
,06.07.2015
,07.07.2015
,08.07.2015
,09.07.2015
,10.07.2015
,11.07.2015
,12.07.2015
,13.07.2015
,14.07.2015
,15.07.2015
,16.07.2015
,17.07.2015
,18.07.2015
,20.07.2015
,21.07.2015
,22.07.2015
,23.07.2015
,24.07.2015
,25.07.2015
,26.07.2015
,27.07.2015
,28.07.2015
,29.07.2015
,30.07.2015
,31.07.2015
,01.08.2015
,02.08.2015
,03.08.2015
,04.08.2015
,05.08.2015
,06.08.2015
,07.08.2015
,08.08.2015
,09.08.2015
,10.08.2015
,11.08.2015
,12.08.2015
,13.08.2015
,14.08.2015
,15.08.2015
,16.08.2015
,17.08.2015
,18.08.2015
,19.08.2015
,20.08.2015
,21.08.2015
,22.08.2015
,23.08.2015
,24.08.2015
,25.08.2015
,26.08.2015
,27.08.2015
,28.08.2015
,29.08.2015
,30.08.2015
,31.08.2015
,01.09.2015
,02.09.2015
,03.09.2015
,04.09.2015
,05.09.2015
,06.09.2015
,07.09.2015
,08.09.2015
,09.09.2015
,10.09.2015
,11.09.2015
,12.09.2015
,13.09.2015
,14.09.2015
,15.09.2015
,16.09.2015
,17.09.2015
0.0 mm,18.09.2015
0.0 mm,19.09.2015
0.0 mm,21.09.2015
0.0 mm,22.09.2015
0.0 mm,23.09.2015
0.0 mm,25.09.2015
7.9 mm,26.09.2015
2.9 mm,27.09.2015
0.0 mm,28.09.2015
1.6 mm,29.09.2015
0.3 mm,30.09.2015
7.0 mm,01.10.2015
0.0 mm,02.10.2015
5.3 mm,03.10.2015
0.0 mm,04.10.2015
0.4 mm,05.10.2015
0.0 mm,06.10.2015
0.0 mm,07.10.2015
0.0 mm,08.10.2015
0.0 mm,09.10.2015
0.0 mm,10.10.2015
0.0 mm,11.10.2015
3.2 mm,12.10.2015
2.1 mm,13.10.2015
0.0 mm,14.10.2015
0.0 mm,15.10.2015
0.0 mm,16.10.2015
0.0 mm,17.10.2015
0.2 mm,18.10.2015
0.0 mm,19.10.2015
0.0 mm,20.10.2015
0.0 mm,21.10.2015
0.0 mm,22.10.2015
0.0 mm,23.10.2015
0.0 mm,24.10.2015
0.0 mm,25.10.2015
4.1 mm,26.10.2015
4.3 mm,27.10.2015
0.0 mm,28.10.2015
0.0 mm,29.10.2015
0.0 mm,30.10.2015
0.0 mm,31.10.2015
0.0 mm,01.11.2015
88.2 mm,02.11.2015
0.4 mm,03.11.2015
0.0 mm,04.11.2015
0.1 mm,05.11.2015
0.0 mm,06.11.2015
0.0 mm,07.11.2015
0.0 mm,08.11.2015
0.1 mm,09.11.2015
0.1 mm,10.11.2015
0.0 mm,11.11.2015
0.0 mm,12.11.2015
0.1 mm,13.11.2015
0.0 mm,14.11.2015
0.0 mm,15.11.2015
0.1 mm,16.11.2015
0.0 mm,17.11.2015
0.1 mm,18.11.2015
0.0 mm,19.11.2015
0.1 mm,20.11.2015
0.1 mm,21.11.2015
0.0 mm,22.11.2015
0.0 mm,23.11.2015
0.0 mm,24.11.2015
0.0 mm,25.11.2015
0.3 mm,26.11.2015
0.0 mm,27.11.2015
0.0 mm,28.11.2015
0.1 mm,29.11.2015
0.0 mm,30.11.2015
0.1 mm,01.12.2015
0.1 mm,02.12.2015
0.1 mm,03.12.2015
0.0 mm,04.12.2015
0.1 mm,05.12.2015
0.0 mm,06.12.2015
0.0 mm,07.12.2015
0.0 mm,08.12.2015
0.1 mm,09.12.2015
0.1 mm,10.12.2015
0.1 mm,11.12.2015
0.0 mm,12.12.2015
0.1 mm,13.12.2015
0.1 mm,14.12.2015
0.1 mm,15.12.2015
0.0 mm,16.12.2015
0.0 mm,17.12.2015
0.0 mm,18.12.2015
0.0 mm,19.12.2015
0.1 mm,20.12.2015
0.0 mm,21.12.2015
0.1 mm,23.12.2015
0.1 mm,25.12.2015
0.1 mm,26.12.2015
0.1 mm,27.12.2015
0.0 mm,28.12.2015
0.0 mm,29.12.2015
0.1 mm,30.12.2015
0.0 mm,01.01.2016
0.1 mm,02.01.2016
0.1 mm,03.01.2016
2.3 mm,04.01.2016
1.0 mm,05.01.2016
0.0 mm,06.01.2016
0.1 mm,07.01.2016
0.0 mm,08.01.2016
0.1 mm,09.01.2016
0.3 mm,10.01.2016
1.6 mm,11.01.2016
0.0 mm,12.01.2016
0.0 mm,13.01.2016
0.0 mm,14.01.2016
0.1 mm,15.01.2016
0.0 mm,16.01.2016
0.0 mm,17.01.2016
0.0 mm,18.01.2016
0.0 mm,19.01.2016
0.0 mm,20.01.2016
0.1 mm,21.01.2016
0.1 mm,22.01.2016
0.0 mm,23.01.2016
0.0 mm,24.01.2016
0.0 mm,25.01.2016
0.0 mm,26.01.2016
0.0 mm,27.01.2016
0.0 mm,28.01.2016
0.0 mm,29.01.2016
0.0 mm,30.01.2016
0.0 mm,31.01.2016
0.1 mm,01.02.2016
0.0 mm,02.02.2016
0.0 mm,03.02.2016
0.0 mm,04.02.2016
0.0 mm,05.02.2016
0.0 mm,06.02.2016
10.2 mm,07.02.2016
0.0 mm,08.02.2016
1.2 mm,09.02.2016
0.2 mm,10.02.2016
0.0 mm,11.02.2016
1.8 mm,12.02.2016
2.3 mm,13.02.2016
2.3 mm,14.02.2016
0.0 mm,15.02.2016
0.0 mm,16.02.2016
0.0 mm,17.02.2016
0.0 mm,18.02.2016
0.0 mm,19.02.2016
0.1 mm,20.02.2016
0.0 mm,21.02.2016
1.1 mm,22.02.2016
0.0 mm,23.02.2016
0.0 mm,24.02.2016
0.0 mm,25.02.2016
0.0 mm,26.02.2016
20.6 mm,27.02.2016
0.4 mm,28.02.2016
0.1 mm,29.02.2016
0.0 mm,01.03.2016
1.2 mm,02.03.2016
0.0 mm,03.03.2016
4.9 mm,04.03.2016
0.7 mm,05.03.2016
0.0 mm,06.03.2016
0.0 mm,07.03.2016
0.0 mm,08.03.2016
0.0 mm,09.03.2016
0.0 mm,10.03.2016
0.0 mm,11.03.2016
0.0 mm,12.03.2016
0.0 mm,13.03.2016
0.0 mm,14.03.2016
0.0 mm,15.03.2016
15.5 mm,16.03.2016
7.8 mm,17.03.2016
0.0 mm,18.03.2016
2.6 mm,19.03.2016
11.3 mm,20.03.2016
2.5 mm,21.03.2016
0.0 mm,22.03.2016
0.0 mm,23.03.2016
0.0 mm,24.03.2016
0.0 mm,25.03.2016
0.0 mm,26.03.2016
0.0 mm,27.03.2016
0.0 mm,28.03.2016
0.0 mm,29.03.2016
0.0 mm,30.03.2016
0.0 mm,31.03.2016
8.7 mm,01.04.2016
0.0 mm,02.04.2016
0.0 mm,03.04.2016
29.3 mm,04.04.2016
23.0 mm,05.04.2016
0.1 mm,06.04.2016
0.4 mm,07.04.2016
1.0 mm,08.04.2016
0.0 mm,09.04.2016
0.2 mm,10.04.2016
3.7 mm,11.04.2016
0.1 mm,12.04.2016
0.0 mm,14.04.2016
0.0 mm,15.04.2016
0.0 mm,16.04.2016
0.0 mm,17.04.2016
0.0 mm,18.04.2016
0.0 mm,19.04.2016
0.2 mm,20.04.2016
22.9 mm,21.04.2016
0.2 mm,22.04.2016
8.1 mm,23.04.2016
0.1 mm,24.04.2016
0.0 mm,25.04.2016
0.0 mm,26.04.2016
0.6 mm,27.04.2016
10.3 mm,28.04.2016
0.0 mm,29.04.2016
0.6 mm,30.04.2016
0.0 mm,01.05.2016
0.0 mm,02.05.2016
0.0 mm,03.05.2016
0.0 mm,04.05.2016
0.0 mm,05.05.2016
0.5 mm,06.05.2016
0.1 mm,07.05.2016
5.7 mm,08.05.2016
35.5 mm,09.05.2016
7.0 mm,10.05.2016
3.3 mm,11.05.2016
1.9 mm,12.05.2016
0.6 mm,13.05.2016
0.0 mm,14.05.2016
0.0 mm,15.05.2016
0.0 mm,16.05.2016
0.0 mm,17.05.2016
1.7 mm,18.05.2016
0.0 mm,19.05.2016
0.0 mm,20.05.2016
0.0 mm,21.05.2016
0.0 mm,22.05.2016
0.0 mm,23.05.2016
0.0 mm,24.05.2016
0.0 mm,25.05.2016
0.0 mm,26.05.2016
0.0 mm,27.05.2016
20.6 mm,28.05.2016
0.2 mm,29.05.2016
2.8 mm,30.05.2016
0.0 mm,31.05.2016
0.0 mm,01.06.2016
0.0 mm,02.06.2016
2.8 mm,03.06.2016
0.0 mm,05.06.2016
0.1 mm,07.06.2016
0.0 mm,08.06.2016
0.0 mm,09.06.2016
0.3 mm,10.06.2016
4.7 mm,11.06.2016
0.0 mm,12.06.2016
0.0 mm,13.06.2016
0.0 mm,14.06.2016
1.9 mm,15.06.2016
0.1 mm,16.06.2016
1.8 mm,17.06.2016
33.1 mm,18.06.2016
0.0 mm,19.06.2016
0.0 mm,20.06.2016
0.0 mm,21.06.2016
0.0 mm,22.06.2016
0.0 mm,23.06.2016
0.0 mm,24.06.2016
0.0 mm,25.06.2016
0.0 mm,26.06.2016
0.0 mm,27.06.2016
0.0 mm,28.06.2016
1.0 mm,29.06.2016
20.4 mm,30.06.2016
0.0 mm,01.07.2016
0.0 mm,02.07.2016
0.0 mm,03.07.2016
0.0 mm,04.07.2016
0.0 mm,05.07.2016
0.0 mm,06.07.2016
0.0 mm,07.07.2016
1.2 mm,08.07.2016
0.0 mm,09.07.2016
0.0 mm,10.07.2016
0.0 mm,11.07.2016
0.0 mm,12.07.2016
0.0 mm,13.07.2016
0.0 mm,14.07.2016
0.0 mm,15.07.2016
0.0 mm,16.07.2016
0.0 mm,17.07.2016
0.0 mm,18.07.2016
0.0 mm,19.07.2016
0.3 mm,20.07.2016
0.0 mm,21.07.2016
7.5 mm,22.07.2016
0.1 mm,23.07.2016
0.0 mm,24.07.2016
0.0 mm,25.07.2016
0.0 mm,26.07.2016
18.6 mm,27.07.2016
0.1 mm,28.07.2016
0.0 mm,29.07.2016
0.5 mm,31.07.2016
0.0 mm,01.08.2016
0.0 mm,02.08.2016
0.0 mm,03.08.2016
0.0 mm,04.08.2016
0.6 mm,05.08.2016
0.0 mm,06.08.2016
0.0 mm,07.08.2016
0.0 mm,08.08.2016
3.5 mm,09.08.2016
0.0 mm,10.08.2016
0.0 mm,11.08.2016
0.0 mm,12.08.2016
0.0 mm,13.08.2016
0.0 mm,14.08.2016
0.0 mm,15.08.2016
15.4 mm,16.08.2016
3.9 mm,17.08.2016
0.0 mm,18.08.2016
0.0 mm,19.08.2016
1.7 mm,20.08.2016
0.0 mm,21.08.2016
0.0 mm,22.08.2016
0.0 mm,23.08.2016
0.0 mm,24.08.2016
0.0 mm,25.08.2016
0.0 mm,26.08.2016
0.0 mm,27.08.2016
0.0 mm,28.08.2016
0.4 mm,29.08.2016
0.0 mm,30.08.2016
0.0 mm,31.08.2016
0.0 mm,01.09.2016
0.0 mm,02.09.2016
7.3 mm,03.09.2016
0.0 mm,04.09.2016
0.0 mm,05.09.2016
0.0 mm,06.09.2016
0.0 mm,07.09.2016
0.0 mm,08.09.2016
96.0 mm,09.09.2016
1.6 mm,10.09.2016
0.0 mm,11.09.2016
0.0 mm,12.09.2016
7.8 mm,13.09.2016
5.4 mm,14.09.2016
0.0 mm,15.09.2016
0.0 mm,16.09.2016
0.0 mm,17.09.2016
0.0 mm,18.09.2016
0.0 mm,19.09.2016
0.0 mm,20.09.2016
0.0 mm,21.09.2016
0.0 mm,22.09.2016
25.1 mm,23.09.2016
0.1 mm,24.09.2016
20.1 mm,25.09.2016
0.4 mm,26.09.2016
0.1 mm,27.09.2016
0.0 mm,28.09.2016
0.0 mm,29.09.2016
0.0 mm,30.09.2016
0.0 mm,01.10.2016
0.0 mm,02.10.2016
0.0 mm,03.10.2016
5.9 mm,04.10.2016
2.4 mm,05.10.2016
6.5 mm,06.10.2016
0.1 mm,07.10.2016
0.0 mm,08.10.2016
0.0 mm,09.10.2016
0.0 mm,10.10.2016
0.1 mm,11.10.2016
10.9 mm,12.10.2016
34.3 mm,13.10.2016
11.9 mm,14.10.2016
0.0 mm,15.10.2016
0.1 mm,16.10.2016
0.0 mm,17.10.2016
0.0 mm,18.10.2016
0.0 mm,19.10.2016
0.0 mm,20.10.2016
0.0 mm,21.10.2016
4.0 mm,22.10.2016
0.0 mm,23.10.2016
3.5 mm,24.10.2016
3.6 mm,25.10.2016
0.0 mm,26.10.2016
0.0 mm,27.10.2016
0.1 mm,28.10.2016
0.0 mm,29.10.2016
0.0 mm,30.10.2016
0.0 mm,31.10.2016
0.0 mm,01.11.2016
0.0 mm,02.11.2016
0.0 mm,03.11.2016
1.7 mm,04.11.2016
11.6 mm,05.11.2016
0.0 mm,06.11.2016
0.1 mm,07.11.2016
0.1 mm,08.11.2016
0.1 mm,09.11.2016
0.0 mm,10.11.2016
0.1 mm,11.11.2016
0.0 mm,12.11.2016
0.0 mm,13.11.2016
0.1 mm,14.11.2016
0.1 mm,16.11.2016
0.0 mm,17.11.2016
0.0 mm,18.11.2016
0.0 mm,19.11.2016
1.3 mm,20.11.2016
43.0 mm,21.11.2016
14.5 mm,22.11.2016
39.2 mm,23.11.2016
0.7 mm,24.11.2016
0.0 mm,25.11.2016
14.2 mm,26.11.2016
2.9 mm,27.11.2016
0.2 mm,28.11.2016
0.2 mm,29.11.2016
0.0 mm,30.11.2016
0.1 mm,01.12.2016
0.2 mm,02.12.2016
0.3 mm,03.12.2016
2.7 mm,04.12.2016
0.1 mm,05.12.2016
0.1 mm,06.12.2016
0.1 mm,07.12.2016
0.1 mm,08.12.2016
0.3 mm,09.12.2016
0.1 mm,10.12.2016
0.2 mm,11.12.2016
0.3 mm,12.12.2016
0.1 mm,13.12.2016
0.1 mm,14.12.2016
0.3 mm,15.12.2016
8:08 TU,16.12.2016
23:40 TU,17.12.2016
0.1 mm,18.12.2016
0.1 mm,19.12.2016
3.7 mm,20.12.2016
0.2 mm,21.12.2016
0.1 mm,22.12.2016
0.1 mm,23.12.2016
0.1 mm,24.12.2016
0.1 mm,25.12.2016
0.1 mm,26.12.2016
0.1 mm,27.12.2016
0.2 mm,28.12.2016
0.2 mm,29.12.2016
0.1 mm,30.12.2016
0.1 mm,31.12.2016
0.1 mm,01.01.2017
0.1 mm,02.01.2017
0.0 mm,03.01.2017
0.3 mm,04.01.2017
0.1 mm,05.01.2017
0.1 mm,06.01.2017
0.1 mm,07.01.2017
0.0 mm,08.01.2017
0.1 mm,09.01.2017
0.1 mm,10.01.2017
0.0 mm,11.01.2017
0.0 mm,12.01.2017
0.0 mm,13.01.2017
0.0 mm,14.01.2017
0.1 mm,15.01.2017
0.0 mm,16.01.2017
0.0 mm,17.01.2017
0.0 mm,18.01.2017
0.0 mm,19.01.2017
0.0 mm,20.01.2017
0.0 mm,21.01.2017
0.0 mm,22.01.2017
0.0 mm,23.01.2017
0.0 mm,24.01.2017
11.7 mm,25.01.2017
0.4 mm,26.01.2017
28.6 mm,27.01.2017
1.5 mm,28.01.2017
0.0 mm,29.01.2017
0.1 mm,30.01.2017
0.1 mm,01.02.2017
2.1 mm,02.02.2017
2.0 mm,03.02.2017
7.7 mm,04.02.2017
6.4 mm,05.02.2017
1.1 mm,06.02.2017
0.0 mm,07.02.2017
0.0 mm,08.02.2017
0.0 mm,09.02.2017
0.0 mm,10.02.2017
0.1 mm,11.02.2017
0.0 mm,12.02.2017
22.2 mm,13.02.2017
14.4 mm,14.02.2017
0.2 mm,15.02.2017
0.0 mm,16.02.2017
0.0 mm,18.02.2017
0.0 mm,19.02.2017
0.1 mm,21.02.2017
0.0 mm,22.02.2017
0.1 mm,23.02.2017
0.0 mm,24.02.2017
0.0 mm,25.02.2017
0.1 mm,26.02.2017
0.0 mm,27.02.2017
0.0 mm,28.02.2017
0.0 mm,01.03.2017
8.7 mm,03.03.2017
17.0 mm,04.03.2017
0.1 mm,05.03.2017
0.0 mm,06.03.2017
0.0 mm,07.03.2017
0.0 mm,08.03.2017
0.0 mm,09.03.2017
0.0 mm,10.03.2017
0.0 mm,11.03.2017
11.6 mm,12.03.2017
0.0 mm,13.03.2017
0.0 mm,14.03.2017
0.0 mm,15.03.2017
0.0 mm,16.03.2017
0.0 mm,17.03.2017
0.0 mm,18.03.2017
0.0 mm,19.03.2017
0.0 mm,20.03.2017
0.0 mm,21.03.2017
0.0 mm,22.03.2017
1.9 mm,23.03.2017
19.2 mm,24.03.2017
34.1 mm,25.03.2017
0.0 mm,26.03.2017
3.3 mm,27.03.2017
0.1 mm,28.03.2017
0.0 mm,29.03.2017
0.0 mm,30.03.2017
4.1 mm,31.03.2017
1.3 mm,01.04.2017
0.1 mm,02.04.2017
0.0 mm,03.04.2017
0.0 mm,04.04.2017
0.0 mm,05.04.2017
0.0 mm,06.04.2017
0.0 mm,07.04.2017
0.0 mm,08.04.2017
0.0 mm,09.04.2017
3.3 mm,10.04.2017
0.5 mm,11.04.2017
0.0 mm,12.04.2017
0.0 mm,13.04.2017
0.0 mm,14.04.2017
1.5 mm,15.04.2017
0.0 mm,16.04.2017
0.0 mm,17.04.2017
0.0 mm,18.04.2017
0.0 mm,19.04.2017
0.1 mm,20.04.2017
0.0 mm,21.04.2017
0.0 mm,22.04.2017
0.0 mm,23.04.2017
0.0 mm,24.04.2017
7.3 mm,25.04.2017
11.4 mm,26.04.2017
13.9 mm,27.04.2017
0.1 mm,28.04.2017
0.0 mm,29.04.2017
6.1 mm,30.04.2017
0.1 mm,01.05.2017
0.3 mm,02.05.2017
1.1 mm,03.05.2017
0.0 mm,04.05.2017
0.0 mm,05.05.2017
0.2 mm,06.05.2017
0.0 mm,07.05.2017
0.0 mm,08.05.2017
0.0 mm,09.05.2017
0.0 mm,10.05.2017
17.1 mm,11.05.2017
0.1 mm,12.05.2017
0.0 mm,13.05.2017
0.0 mm,14.05.2017
0.0 mm,15.05.2017
0.0 mm,16.05.2017
0.0 mm,17.05.2017
3.6 mm,18.05.2017
0.1 mm,19.05.2017
0.0 mm,20.05.2017
0.0 mm,21.05.2017
8.5 mm,22.05.2017
0.0 mm,23.05.2017
0.0 mm,24.05.2017
0.0 mm,25.05.2017
0.0 mm,26.05.2017
0.0 mm,27.05.2017
0.0 mm,28.05.2017
0.0 mm,29.05.2017
5.4 mm,30.05.2017
5.2 mm,31.05.2017
0.1 mm,01.06.2017
5.5 mm,02.06.2017
2.4 mm,03.06.2017
2.4 mm,04.06.2017
0.0 mm,05.06.2017
0.0 mm,06.06.2017
0.0 mm,07.06.2017
0.0 mm,08.06.2017
0.5 mm,09.06.2017
0.0 mm,10.06.2017
0.0 mm,11.06.2017
0.0 mm,12.06.2017
0.0 mm,13.06.2017
0.0 mm,14.06.2017
0.3 mm,16.06.2017
0.0 mm,17.06.2017
0.0 mm,18.06.2017
0.0 mm,19.06.2017
9.7 mm,20.06.2017
0.3 mm,21.06.2017
0.2 mm,22.06.2017
0.1 mm,23.06.2017
0.0 mm,24.06.2017
0.0 mm,25.06.2017
1.1 mm,26.06.2017
0.0 mm,27.06.2017
2.6 mm,28.06.2017
0.0 mm,29.06.2017
0.0 mm,30.06.2017
0.0 mm,01.07.2017
0.0 mm,02.07.2017
0.0 mm,03.07.2017
0.0 mm,04.07.2017
0.0 mm,05.07.2017
0.0 mm,06.07.2017
0.0 mm,07.07.2017
4.2 mm,08.07.2017
0.8 mm,09.07.2017
1.2 mm,10.07.2017
0.0 mm,11.07.2017
0.0 mm,12.07.2017
0.0 mm,13.07.2017
0.0 mm,14.07.2017
0.0 mm,15.07.2017
0.0 mm,16.07.2017
0.0 mm,17.07.2017
0.0 mm,18.07.2017
0.6 mm,19.07.2017
7.0 mm,20.07.2017
3.2 mm,21.07.2017
0.0 mm,22.07.2017
0.0 mm,23.07.2017
0.0 mm,24.07.2017
0.0 mm,25.07.2017
0.0 mm,26.07.2017
0.0 mm,27.07.2017
0.0 mm,28.07.2017
0.0 mm,29.07.2017
0.0 mm,30.07.2017
0.0 mm,31.07.2017
0.2 mm,01.08.2017
0.0 mm,02.08.2017
0.0 mm,03.08.2017
0.0 mm,04.08.2017
0.0 mm,05.08.2017
1.5 mm,06.08.2017
0.0 mm,07.08.2017
0.0 mm,08.08.2017
16.6 mm,09.08.2017
0.2 mm,10.08.2017
0.0 mm,11.08.2017
0.0 mm,12.08.2017
0.0 mm,13.08.2017
0.0 mm,14.08.2017
0.2 mm,15.08.2017
0.0 mm,16.08.2017
0.0 mm,17.08.2017
0.0 mm,18.08.2017
0.0 mm,19.08.2017
0.0 mm,20.08.2017
0.0 mm,21.08.2017
0.0 mm,22.08.2017
0.0 mm,23.08.2017
2.1 mm,24.08.2017
0.0 mm,25.08.2017
0.0 mm,26.08.2017
0.7 mm,27.08.2017
0.0 mm,28.08.2017
0.0 mm,29.08.2017
1.1 mm,30.08.2017
13.2 mm,31.08.2017
0.2 mm,01.09.2017
0.0 mm,02.09.2017
0.0 mm,03.09.2017
0.0 mm,04.09.2017
0.0 mm,05.09.2017
3.5 mm,06.09.2017
0.0 mm,07.09.2017
0.0 mm,08.09.2017
9.6 mm,09.09.2017
0.1 mm,10.09.2017
0.0 mm,11.09.2017
0.0 mm,12.09.2017
0.0 mm,13.09.2017
1.1 mm,14.09.2017
23.7 mm,15.09.2017
3.9 mm,16.09.2017
0.0 mm,17.09.2017
0.2 mm,18.09.2017
0.0 mm,19.09.2017
0.0 mm,20.09.2017
0.0 mm,21.09.2017
6.5 mm,22.09.2017
0.0 mm,23.09.2017
0.0 mm,24.09.2017
4.3 mm,25.09.2017
0.0 mm,26.09.2017
0.0 mm,27.09.2017
0.0 mm,28.09.2017
0.0 mm,29.09.2017
1.5 mm,30.09.2017
0.1 mm,01.10.2017
0.0 mm,02.10.2017
0.0 mm,03.10.2017
0.0 mm,04.10.2017
0.0 mm,05.10.2017
0.0 mm,06.10.2017
0.0 mm,07.10.2017
0.0 mm,08.10.2017
0.0 mm,09.10.2017
0.0 mm,10.10.2017
0.0 mm,11.10.2017
0.0 mm,12.10.2017
0.0 mm,13.10.2017
0.0 mm,14.10.2017
0.0 mm,15.10.2017
0.0 mm,16.10.2017
0.0 mm,17.10.2017
16.5 mm,18.10.2017
19.5 mm,19.10.2017
0.1 mm,20.10.2017
0.0 mm,21.10.2017
0.0 mm,22.10.2017
0.0 mm,23.10.2017
0.0 mm,24.10.2017
0.0 mm,25.10.2017
0.0 mm,26.10.2017
0.0 mm,27.10.2017
0.0 mm,28.10.2017
0.0 mm,29.10.2017
0.0 mm,30.10.2017
0.0 mm,31.10.2017
0.0 mm,01.11.2017
0.0 mm,02.11.2017
0.0 mm,03.11.2017
10.6 mm,04.11.2017
0.1 mm,05.11.2017
0.0 mm,06.11.2017
0.0 mm,07.11.2017
0.0 mm,08.11.2017
0.0 mm,09.11.2017
0.1 mm,10.11.2017
0.1 mm,11.11.2017
0.0 mm,12.11.2017
0.0 mm,13.11.2017
0.0 mm,14.11.2017
0.0 mm,15.11.2017
0.0 mm,16.11.2017
0.1 mm,17.11.2017
0.0 mm,18.11.2017
0.1 mm,19.11.2017
0.0 mm,20.11.2017
0.1 mm,21.11.2017
0.0 mm,22.11.2017
0.1 mm,23.11.2017
0.0 mm,24.11.2017
0.0 mm,25.11.2017
0.0 mm,26.11.2017
0.0 mm,27.11.2017
0.0 mm,28.11.2017
0.1 mm,30.11.2017
0.0 mm,01.12.2017
0.0 mm,02.12.2017
0.0 mm,03.12.2017
0.0 mm,04.12.2017
0.0 mm,05.12.2017
0.0 mm,06.12.2017
0.1 mm,07.12.2017
0.0 mm,08.12.2017
0.0 mm,09.12.2017
2.1 mm,10.12.2017
8.8 mm,11.12.2017
2.2 mm,12.12.2017
0.1 mm,13.12.2017
0.0 mm,14.12.2017
0.1 mm,15.12.2017
0.0 mm,16.12.2017
0.0 mm,17.12.2017
1.5 mm,18.12.2017
0.0 mm,19.12.2017
0.0 mm,20.12.2017
0.1 mm,21.12.2017
0.0 mm,22.12.2017
0.1 mm,23.12.2017
0.1 mm,24.12.2017
0.0 mm,25.12.2017
0.1 mm,26.12.2017
5.7 mm,27.12.2017
0.0 mm,28.12.2017
0.5 mm,29.12.2017
0.1 mm,30.12.2017
0.1 mm,31.12.2017
0.9 mm,01.01.2018
0.0 mm,02.01.2018
0.1 mm,03.01.2018
0.0 mm,04.01.2018
0.1 mm,05.01.2018
11.1 mm,06.01.2018
39.4 mm,07.01.2018
0.0 mm,08.01.2018
0.0 mm,09.01.2018
0.1 mm,10.01.2018
0.5 mm,11.01.2018
0.1 mm,12.01.2018
1.4 mm,13.01.2018
3.6 mm,14.01.2018
0.1 mm,15.01.2018
0.0 mm,16.01.2018
0.1 mm,17.01.2018
0.0 mm,18.01.2018
0.1 mm,19.01.2018
0.1 mm,20.01.2018
0.0 mm,21.01.2018
0.0 mm,22.01.2018
0.1 mm,23.01.2018
0.1 mm,24.01.2018
0.1 mm,25.01.2018
37.6 mm,26.01.2018
0.0 mm,27.01.2018
0.1 mm,28.01.2018
0.0 mm,29.01.2018
0.2 mm,30.01.2018
0.0 mm,31.01.2018
1.4 mm,01.02.2018
0.0 mm,02.02.2018
0.0 mm,03.02.2018
19.0 mm,04.02.2018
42.0 mm,05.02.2018
1.5 mm,06.02.2018
0.0 mm,07.02.2018
0.0 mm,08.02.2018
0.1 mm,09.02.2018
0.0 mm,10.02.2018
0.0 mm,11.02.2018
0.0 mm,12.02.2018
0.0 mm,13.02.2018
0.0 mm,14.02.2018
0.0 mm,15.02.2018
3.0 mm,16.02.2018
0.2 mm,17.02.2018
0.1 mm,18.02.2018
0.0 mm,19.02.2018
0.0 mm,20.02.2018
0.0 mm,21.02.2018
0.0 mm,22.02.2018
0.0 mm,23.02.2018
0.0 mm,24.02.2018
0.0 mm,25.02.2018
2.7 mm,26.02.2018
2.0 mm,27.02.2018
48.0 mm,28.02.2018
32.7 mm,01.03.2018
1.0 mm,02.03.2018
1.6 mm,03.03.2018
0.1 mm,04.03.2018
3.5 mm,05.03.2018
0.7 mm,06.03.2018
0.1 mm,07.03.2018
0.0 mm,08.03.2018
1.8 mm,09.03.2018
14.3 mm,10.03.2018
0.3 mm,11.03.2018
0.0 mm,12.03.2018
0.0 mm,13.03.2018
6.4 mm,14.03.2018
4.8 mm,15.03.2018
1.4 mm,16.03.2018
2.9 mm,17.03.2018
0.0 mm,18.03.2018
9.7 mm,19.03.2018
0.7 mm,20.03.2018
0.0 mm,21.03.2018
0.0 mm,22.03.2018
0.0 mm,23.03.2018
16.2 mm,24.03.2018
6.7 mm,25.03.2018
0.1 mm,26.03.2018
0.0 mm,27.03.2018
0.0 mm,28.03.2018
0.7 mm,29.03.2018
0.0 mm,30.03.2018
0.0 mm,31.03.2018
0.0 mm,01.04.2018
0.0 mm,02.04.2018
0.0 mm,03.04.2018
1.3 mm,04.04.2018
0.0 mm,05.04.2018
3.8 mm,06.04.2018
0.9 mm,07.04.2018
3.4 mm,09.04.2018
15.7 mm,10.04.2018
30.1 mm,11.04.2018
0.1 mm,12.04.2018
10.1 mm,13.04.2018
3.8 mm,14.04.2018
0.1 mm,15.04.2018
4.6 mm,16.04.2018
0.1 mm,17.04.2018
0.1 mm,18.04.2018
0.0 mm,19.04.2018
0.0 mm,20.04.2018
0.0 mm,21.04.2018
0.0 mm,22.04.2018
0.0 mm,23.04.2018
0.0 mm,24.04.2018
0.2 mm,25.04.2018
0.0 mm,26.04.2018
11.2 mm,27.04.2018
0.0 mm,28.04.2018
11.7 mm,29.04.2018
0.1 mm,30.04.2018
1.9 mm,01.05.2018
0.0 mm,03.05.2018
0.0 mm,04.05.2018
1.2 mm,05.05.2018
1.2 mm,06.05.2018
5.1 mm,07.05.2018
1.9 mm,08.05.2018
0.2 mm,09.05.2018
13.3 mm,10.05.2018
0.3 mm,11.05.2018
45.4 mm,12.05.2018
1.5 mm,13.05.2018
0.0 mm,14.05.2018
0.0 mm,15.05.2018
0.0 mm,16.05.2018
0.8 mm,17.05.2018
0.9 mm,18.05.2018
7.6 mm,19.05.2018
4.4 mm,20.05.2018
1.6 mm,21.05.2018
0.4 mm,22.05.2018
0.1 mm,23.05.2018
0.0 mm,24.05.2018
0.3 mm,25.05.2018
0.0 mm,26.05.2018
0.0 mm,27.05.2018
23.8 mm,29.05.2018
14.6 mm,30.05.2018
1.8 mm,31.05.2018
16.7 mm,01.06.2018
0.0 mm,02.06.2018
0.3 mm,03.06.2018
10.4 mm,05.06.2018
17.7 mm,06.06.2018
2.2 mm,07.06.2018
0.0 mm,08.06.2018
0.0 mm,09.06.2018
4.4 mm,10.06.2018
0.1 mm,11.06.2018
0.0 mm,12.06.2018
0.0 mm,13.06.2018
0.0 mm,14.06.2018
0.0 mm,15.06.2018
0.0 mm,16.06.2018
0.0 mm,17.06.2018
0.0 mm,18.06.2018
0.0 mm,19.06.2018
0.0 mm,20.06.2018
0.0 mm,21.06.2018
0.0 mm,22.06.2018
0.3 mm,23.06.2018
0.0 mm,24.06.2018
0.0 mm,25.06.2018
0.0 mm,26.06.2018
0.0 mm,27.06.2018
22.6 mm,28.06.2018
0.1 mm,29.06.2018
0.0 mm,30.06.2018
0.0 mm,01.07.2018
0.0 mm,02.07.2018
0.0 mm,03.07.2018
0.0 mm,04.07.2018
0.0 mm,05.07.2018
0.0 mm,06.07.2018
0.0 mm,07.07.2018
0.0 mm,08.07.2018
0.4 mm,09.07.2018
1.0 mm,10.07.2018
2.5 mm,11.07.2018
0.3 mm,12.07.2018
0.0 mm,13.07.2018
0.0 mm,14.07.2018
0.0 mm,15.07.2018
5.4 mm,16.07.2018
0.0 mm,17.07.2018
0.0 mm,18.07.2018
0.0 mm,19.07.2018
0.7 mm,20.07.2018
0.0 mm,21.07.2018
10.8 mm,22.07.2018
0.1 mm,23.07.2018
3.9 mm,24.07.2018
0.0 mm,25.07.2018
0.0 mm,26.07.2018
0.0 mm,27.07.2018
0.0 mm,28.07.2018
0.0 mm,29.07.2018
4.9 mm,30.07.2018
0.1 mm,31.07.2018
0.0 mm,01.08.2018
0.1 mm,03.08.2018
0.0 mm,04.08.2018
0.9 mm,05.08.2018
0.5 mm,06.08.2018
6.8 mm,07.08.2018
5.8 mm,08.08.2018
25.7 mm,09.08.2018
4.3 mm,10.08.2018
0.0 mm,11.08.2018
2.6 mm,12.08.2018
0.0 mm,13.08.2018
5.2 mm,14.08.2018
0.0 mm,15.08.2018
17.9 mm,16.08.2018
11.5 mm,17.08.2018
1.7 mm,18.08.2018
0.1 mm,19.08.2018
2.6 mm,20.08.2018
14.8 mm,21.08.2018
0.9 mm,22.08.2018
10.0 mm,23.08.2018
0.1 mm,24.08.2018
0.0 mm,25.08.2018
0.0 mm,26.08.2018
0.0 mm,27.08.2018
0.2 mm,28.08.2018
23.2 mm,29.08.2018
0.1 mm,30.08.2018
0.0 mm,31.08.2018
0.0 mm,01.09.2018
0.3 mm,02.09.2018
5.1 mm,03.09.2018
7.8 mm,04.09.2018
7.7 mm,05.09.2018
0.1 mm,06.09.2018
0.3 mm,07.09.2018
0.0 mm,08.09.2018
0.2 mm,09.09.2018
0.1 mm,10.09.2018
0.0 mm,11.09.2018
9.3 mm,12.09.2018
0.1 mm,13.09.2018
0.0 mm,14.09.2018
0.0 mm,15.09.2018
5.0 mm,16.09.2018
0.0 mm,17.09.2018
0.2 mm,18.09.2018
0.0 mm,19.09.2018
0.0 mm,20.09.2018
0.0 mm,21.09.2018
0.0 mm,22.09.2018
0.0 mm,23.09.2018
0.0 mm,24.09.2018
0.0 mm,25.09.2018
0.0 mm,26.09.2018
0.0 mm,27.09.2018
0.0 mm,28.09.2018
0.1 mm,29.09.2018
0.0 mm,30.09.2018
0.0 mm,01.10.2018
0.0 mm,02.10.2018
0.0 mm,03.10.2018
0.0 mm,04.10.2018
0.0 mm,05.10.2018
3.2 mm,06.10.2018
9.8 mm,07.10.2018
1.6 mm,08.10.2018
28.7 mm,09.10.2018
1.8 mm,10.10.2018
0.0 mm,11.10.2018
0.0 mm,12.10.2018
10.4 mm,13.10.2018
76.3 mm,14.10.2018
18.8 mm,15.10.2018
1.3 mm,16.10.2018
4.5 mm,17.10.2018
1.4 mm,18.10.2018
0.0 mm,19.10.2018
0.1 mm,20.10.2018
0.0 mm,21.10.2018
0.1 mm,22.10.2018
0.0 mm,23.10.2018
0.0 mm,24.10.2018
0.1 mm,25.10.2018
4.0 mm,26.10.2018
19.9 mm,27.10.2018
8.4 mm,28.10.2018
0.0 mm,29.10.2018
3.4 mm,30.10.2018
44.9 mm,31.10.2018
3.9 mm,01.11.2018
0.0 mm,02.11.2018
0.0 mm,04.11.2018
22.7 mm,05.11.2018
1.1 mm,06.11.2018
0.0 mm,07.11.2018
2.5 mm,08.11.2018
13.7 mm,09.11.2018
0.2 mm,10.11.2018
0.0 mm,11.11.2018
0.0 mm,12.11.2018
0.1 mm,13.11.2018
0.0 mm,14.11.2018
5.5 mm,15.11.2018
0.1 mm,16.11.2018
3.1 mm,17.11.2018
0.0 mm,18.11.2018
2.5 mm,19.11.2018
8.6 mm,20.11.2018
0.1 mm,21.11.2018
0.2 mm,22.11.2018
9.9 mm,23.11.2018
0.1 mm,24.11.2018
0.2 mm,25.11.2018
0.0 mm,26.11.2018
0.0 mm,27.11.2018
0.1 mm,28.11.2018
0.1 mm,29.11.2018
0.0 mm,02.12.2018
0.1 mm,03.12.2018
0.1 mm,04.12.2018
0.1 mm,05.12.2018
0.2 mm,06.12.2018
0.1 mm,07.12.2018
0.0 mm,08.12.2018
0.1 mm,09.12.2018
0.0 mm,10.12.2018
0.1 mm,11.12.2018
0.1 mm,12.12.2018
2.9 mm,13.12.2018
0.0 mm,14.12.2018
0.0 mm,15.12.2018
3.4 mm,16.12.2018
0.2 mm,17.12.2018
0.0 mm,18.12.2018
0.1 mm,19.12.2018
0.1 mm,20.12.2018
0.1 mm,21.12.2018
0.0 mm,22.12.2018
0.1 mm,23.12.2018
0.1 mm,24.12.2018
0.0 mm,25.12.2018
0.1 mm,26.12.2018
0.1 mm,27.12.2018
0.1 mm,28.12.2018
0.1 mm,29.12.2018
0.1 mm,30.12.2018
0.0 mm,31.12.2018
0.0 mm,01.01.2019
0.3 mm,02.01.2019
0.0 mm,03.01.2019
0.0 mm,04.01.2019
0.1 mm,05.01.2019
0.0 mm,06.01.2019
0.0 mm,07.01.2019
0.0 mm,08.01.2019
0.0 mm,09.01.2019
0.0 mm,10.01.2019
0.0 mm,11.01.2019
0.0 mm,12.01.2019
0.0 mm,13.01.2019
0.0 mm,14.01.2019
0.0 mm,15.01.2019
0.0 mm,16.01.2019
0.9 mm,17.01.2019
0.1 mm,18.01.2019
0.0 mm,19.01.2019
2.0 mm,20.01.2019
0.0 mm,21.01.2019
0.0 mm,22.01.2019
5.6 mm,23.01.2019
0.0 mm,24.01.2019
0.0 mm,25.01.2019
0.0 mm,26.01.2019
0.0 mm,27.01.2019
7.8 mm,28.01.2019
0.2 mm,29.01.2019
0.2 mm,30.01.2019
0.1 mm,31.01.2019
14.3 mm,01.02.2019
0.0 mm,02.02.2019
0.0 mm,03.02.2019
0.0 mm,04.02.2019
0.0 mm,06.02.2019
0.0 mm,07.02.2019
0.0 mm,08.02.2019
0.0 mm,09.02.2019
0.0 mm,10.02.2019
0.0 mm,11.02.2019
0.0 mm,12.02.2019
0.0 mm,13.02.2019
0.1 mm,14.02.2019
0.0 mm,15.02.2019
0.0 mm,16.02.2019
0.0 mm,19.02.2019
0.0 mm,20.02.2019
0.1 mm,21.02.2019
0.0 mm,22.02.2019
0.0 mm,23.02.2019
0.0 mm,24.02.2019
0.0 mm,25.02.2019
0.0 mm,26.02.2019
0.0 mm,27.02.2019
0.0 mm,28.02.2019
0.0 mm,01.03.2019
0.0 mm,02.03.2019
0.0 mm,03.03.2019
0.0 mm,04.03.2019
0.0 mm,05.03.2019
6.5 mm,06.03.2019
0.1 mm,07.03.2019
0.0 mm,08.03.2019
0.0 mm,09.03.2019
0.0 mm,10.03.2019
0.0 mm,11.03.2019
0.0 mm,13.03.2019
0.0 mm,14.03.2019
0.0 mm,15.03.2019
0.0 mm,16.03.2019
0.0 mm,17.03.2019
0.0 mm,18.03.2019
0.0 mm,19.03.2019
0.0 mm,20.03.2019
0.0 mm,21.03.2019
0.0 mm,22.03.2019
0.0 mm,23.03.2019
0.0 mm,24.03.2019
0.0 mm,25.03.2019
0.0 mm,26.03.2019
0.0 mm,27.03.2019
0.0 mm,28.03.2019
0.0 mm,29.03.2019
0.0 mm,30.03.2019
0.0 mm,31.03.2019
0.0 mm,01.04.2019
2.5 mm,02.04.2019
8.3 mm,03.04.2019
0.0 mm,04.04.2019
25.1 mm,05.04.2019
6.7 mm,06.04.2019
3.0 mm,07.04.2019
0.5 mm,08.04.2019
8.1 mm,09.04.2019
0.1 mm,10.04.2019
0.0 mm,11.04.2019
0.0 mm,12.04.2019
0.0 mm,13.04.2019
0.0 mm,14.04.2019
5.1 mm,15.04.2019
1.8 mm,16.04.2019
0.0 mm,17.04.2019
0.0 mm,18.04.2019
0.0 mm,19.04.2019
9.8 mm,20.04.2019
2.1 mm,21.04.2019
0.0 mm,22.04.2019
1.9 mm,23.04.2019
3.9 mm,24.04.2019
17.8 mm,25.04.2019
0.0 mm,27.04.2019
0.0 mm,28.04.2019
0.0 mm,29.04.2019
0.0 mm,30.04.2019
0.0 mm,01.05.2019
31.7 mm,02.05.2019
8.7 mm,03.05.2019
0.0 mm,04.05.2019
0.0 mm,05.05.2019
0.0 mm,06.05.2019
0.0 mm,07.05.2019
4.3 mm,08.05.2019
0.1 mm,09.05.2019
0.0 mm,10.05.2019
0.6 mm,11.05.2019
0.0 mm,12.05.2019
0.0 mm,13.05.2019
0.0 mm,14.05.2019
0.0 mm,15.05.2019
1.9 mm,16.05.2019
11.5 mm,17.05.2019
0.0 mm,18.05.2019
2.3 mm,19.05.2019
2.5 mm,20.05.2019
1.9 mm,21.05.2019
0.1 mm,22.05.2019
0.0 mm,23.05.2019
20.4 mm,24.05.2019
0.1 mm,25.05.2019
0.0 mm,26.05.2019
1.2 mm,27.05.2019
0.0 mm,28.05.2019
0.0 mm,29.05.2019
0.0 mm,30.05.2019
0.0 mm,31.05.2019
0.0 mm,01.06.2019
0.0 mm,02.06.2019
0.0 mm,03.06.2019
0.0 mm,04.06.2019
1.7 mm,05.06.2019
0.0 mm,06.06.2019
0.0 mm,07.06.2019
0.0 mm,08.06.2019
0.0 mm,09.06.2019
0.0 mm,10.06.2019
14.3 mm,11.06.2019
0.1 mm,12.06.2019
0.0 mm,13.06.2019
0.3 mm,14.06.2019
0.0 mm,15.06.2019
0.0 mm,16.06.2019
0.0 mm,17.06.2019
0.0 mm,18.06.2019
0.0 mm,19.06.2019
1.5 mm,20.06.2019
1.4 mm,21.06.2019
0.0 mm,22.06.2019
0.0 mm,23.06.2019
0.0 mm,24.06.2019
0.0 mm,25.06.2019
0.0 mm,26.06.2019
0.0 mm,27.06.2019
0.0 mm,28.06.2019
0.0 mm,29.06.2019
0.0 mm,30.06.2019
0.0 mm,01.07.2019
13.3 mm,02.07.2019
1.5 mm,03.07.2019
0.0 mm,04.07.2019
0.0 mm,05.07.2019
0.9 mm,06.07.2019
0.0 mm,07.07.2019
5.1 mm,08.07.2019
21.9 mm,09.07.2019
0.0 mm,10.07.2019
0.0 mm,11.07.2019
0.0 mm,12.07.2019
0.0 mm,13.07.2019
3.6 mm,14.07.2019
0.0 mm,15.07.2019
0.0 mm,16.07.2019
3.7 mm,17.07.2019
0.0 mm,18.07.2019
0.0 mm,19.07.2019
0.0 mm,21.07.2019
0.0 mm,22.07.2019
0.0 mm,23.07.2019
0.0 mm,24.07.2019
0.0 mm,25.07.2019
6.2 mm,26.07.2019
24.0 mm,27.07.2019
0.0 mm,28.07.2019
0.0 mm,29.07.2019
0.0 mm,30.07.2019
0.0 mm,31.07.2019
0.1 mm,01.08.2019
0.1 mm,02.08.2019
0.0 mm,03.08.2019
0.0 mm,05.08.2019
0.0 mm,06.08.2019
0.0 mm,07.08.2019
0.0 mm,08.08.2019
0.0 mm,09.08.2019
0.0 mm,10.08.2019
0.0 mm,11.08.2019
3.0 mm,12.08.2019
0.0 mm,13.08.2019
0.0 mm,14.08.2019
0.0 mm,15.08.2019
0.0 mm,16.08.2019
0.0 mm,17.08.2019
0.0 mm,18.08.2019
0.0 mm,19.08.2019
20.8 mm,20.08.2019
0.0 mm,21.08.2019
0.0 mm,22.08.2019
0.0 mm,23.08.2019
0.0 mm,24.08.2019
0.0 mm,25.08.2019
0.0 mm,26.08.2019
0.5 mm,27.08.2019
0.0 mm,28.08.2019
9.4 mm,29.08.2019
6.7 mm,30.08.2019
1.7 mm,31.08.2019
0.2 mm,01.09.2019
6.0 mm,02.09.2019
0.0 mm,03.09.2019
0.0 mm,04.09.2019
0.0 mm,05.09.2019
0.0 mm,06.09.2019
0.0 mm,07.09.2019
0.0 mm,08.09.2019
0.0 mm,09.09.2019
12.2 mm,10.09.2019
0.0 mm,11.09.2019
0.0 mm,12.09.2019
0.3 mm,13.09.2019
0.0 mm,14.09.2019
0.6 mm,15.09.2019
0.0 mm,16.09.2019
0.0 mm,17.09.2019
1.2 mm,18.09.2019
27.5 mm,19.09.2019
0.1 mm,20.09.2019
0.2 mm,21.09.2019
0.1 mm,22.09.2019
0.0 mm,23.09.2019
0.0 mm,24.09.2019
0.0 mm,25.09.2019
0.0 mm,26.09.2019
0.0 mm,27.09.2019
0.0 mm,28.09.2019
0.0 mm,29.09.2019
0.0 mm,30.09.2019
0.0 mm,01.10.2019
0.0 mm,02.10.2019
0.0 mm,03.10.2019
0.0 mm,04.10.2019
0.0 mm,05.10.2019
0.0 mm,06.10.2019
0.0 mm,07.10.2019
0.0 mm,08.10.2019
0.2 mm,09.10.2019
0.0 mm,10.10.2019
0.0 mm,11.10.2019
0.0 mm,12.10.2019
0.0 mm,13.10.2019
32.5 mm,14.10.2019
0.3 mm,15.10.2019
0.0 mm,16.10.2019
0.0 mm,17.10.2019
0.0 mm,18.10.2019
0.0 mm,19.10.2019
0.1 mm,21.10.2019
50.9 mm,22.10.2019
0.0 mm,24.10.2019
0.0 mm,25.10.2019
0.1 mm,26.10.2019
0.0 mm,27.10.2019
0.0 mm,28.10.2019
0.0 mm,29.10.2019
0.0 mm,30.10.2019
0.0 mm,31.10.2019
5.2 mm,01.11.2019
1.5 mm,02.11.2019
7.0 mm,03.11.2019
5.3 mm,04.11.2019
0.4 mm,05.11.2019
0.1 mm,06.11.2019
2.9 mm,07.11.2019
0.1 mm,08.11.2019
0.0 mm,09.11.2019
0.0 mm,10.11.2019
0.0 mm,11.11.2019
0.0 mm,13.11.2019
7.0 mm,14.11.2019
0.2 mm,15.11.2019
0.1 mm,16.11.2019
0.1 mm,17.11.2019
0.0 mm,18.11.2019
0.1 mm,19.11.2019
0.0 mm,20.11.2019
0.1 mm,21.11.2019
46.1 mm,22.11.2019
4.3 mm,23.11.2019
0.0 mm,24.11.2019
0.1 mm,25.11.2019
0.4 mm,26.11.2019
0.5 mm,27.11.2019
0.0 mm,28.11.2019
0.0 mm,29.11.2019
0.3 mm,30.11.2019
0.8 mm,01.12.2019
0.0 mm,02.12.2019
0.1 mm,03.12.2019
10.0 mm,04.12.2019
1.1 mm,05.12.2019
0.0 mm,06.12.2019
0.1 mm,07.12.2019
0.0 mm,08.12.2019
0.1 mm,09.12.2019
0.0 mm,10.12.2019
0.0 mm,11.12.2019
1.4 mm,12.12.2019
2.0 mm,13.12.2019
0.0 mm,14.12.2019
0.1 mm,15.12.2019
0.8 mm,16.12.2019
2.8 mm,17.12.2019
0.1 mm,18.12.2019
4.1 mm,19.12.2019
59.9 mm,20.12.2019
21.1 mm,21.12.2019
0.3 mm,22.12.2019
0.0 mm,23.12.2019
0.1 mm,24.12.2019
0.1 mm,25.12.2019
0.1 mm,26.12.2019
0.1 mm,27.12.2019
0.1 mm,28.12.2019
0.1 mm,29.12.2019
0.0 mm,30.12.2019
0.2 mm,31.12.2019
0.1 mm,01.01.2020
0.1 mm,02.01.2020
0.0 mm,03.01.2020
0.1 mm,04.01.2020
0.1 mm,06.01.2020
0.1 mm,07.01.2020
0.0 mm,08.01.2020
0.1 mm,09.01.2020
3.4 mm,10.01.2020
0.2 mm,11.01.2020
0.1 mm,12.01.2020
0.1 mm,13.01.2020
0.1 mm,14.01.2020
0.0 mm,15.01.2020
0.1 mm,16.01.2020
0.6 mm,17.01.2020
0.0 mm,18.01.2020
0.0 mm,19.01.2020
0.0 mm,20.01.2020
30.4 mm,21.01.2020
57.9 mm,22.01.2020
34.5 mm,23.01.2020
0.1 mm,24.01.2020
0.7 mm,25.01.2020
0.6 mm,26.01.2020
0.0 mm,27.01.2020
0.1 mm,28.01.2020
0.2 mm,29.01.2020
0.0 mm,30.01.2020
0.0 mm,31.01.2020
0.1 mm,01.02.2020
0.0 mm,02.02.2020
0.0 mm,03.02.2020
0.0 mm,04.02.2020
0.0 mm,05.02.2020
0.0 mm,06.02.2020
0.1 mm,07.02.2020
0.0 mm,08.02.2020
0.0 mm,09.02.2020
0.0 mm,10.02.2020
0.0 mm,11.02.2020
0.0 mm,12.02.2020
0.0 mm,13.02.2020
0.0 mm,14.02.2020
0.0 mm,15.02.2020
0.1 mm,16.02.2020
0.0 mm,17.02.2020
0.0 mm,18.02.2020
0.0 mm,19.02.2020
0.0 mm,20.02.2020
0.1 mm,21.02.2020
0.0 mm,22.02.2020
0.0 mm,23.02.2020
0.1 mm,24.02.2020
0.0 mm,25.02.2020
0.0 mm,26.02.2020
0.0 mm,27.02.2020
0.0 mm,28.02.2020
0.1 mm,29.02.2020
0.6 mm,01.03.2020
27.4 mm,02.03.2020
0.0 mm,03.03.2020
0.0 mm,04.03.2020
0.5 mm,05.03.2020
0.0 mm,06.03.2020
0.0 mm,07.03.2020
0.0 mm,08.03.2020
0.0 mm,09.03.2020
0.0 mm,10.03.2020
0.0 mm,11.03.2020
0.0 mm,13.03.2020
0.0 mm,14.03.2020
0.6 mm,15.03.2020
11.9 mm,16.03.2020
0.5 mm,17.03.2020
0.0 mm,18.03.2020
0.0 mm,19.03.2020
0.0 mm,20.03.2020
0.0 mm,21.03.2020
0.0 mm,22.03.2020
0.4 mm,23.03.2020
0.6 mm,24.03.2020
1.7 mm,25.03.2020
5.4 mm,26.03.2020
0.1 mm,27.03.2020
0.0 mm,28.03.2020
3.1 mm,29.03.2020
1.2 mm,30.03.2020
3.7 mm,31.03.2020
6.4 mm,01.04.2020
3.1 mm,02.04.2020
0.1 mm,03.04.2020
0.0 mm,04.04.2020
0.0 mm,05.04.2020
0.0 mm,06.04.2020
2.9 mm,07.04.2020
0.0 mm,08.04.2020
0.0 mm,09.04.2020
0.0 mm,10.04.2020
0.0 mm,11.04.2020
0.0 mm,12.04.2020
13.2 mm,13.04.2020
0.1 mm,14.04.2020
0.0 mm,15.04.2020
0.3 mm,16.04.2020
0.0 mm,17.04.2020
2.3 mm,18.04.2020
7.6 mm,19.04.2020
7.0 mm,20.04.2020
16.4 mm,21.04.2020
0.2 mm,22.04.2020
2.2 mm,23.04.2020
2.5 mm,24.04.2020
0.1 mm,25.04.2020
3.3 mm,26.04.2020
0.8 mm,27.04.2020
1.6 mm,28.04.2020
0.2 mm,29.04.2020
0.0 mm,30.04.2020
0.0 mm,01.05.2020
0.0 mm,02.05.2020
0.0 mm,03.05.2020
0.0 mm,04.05.2020
0.0 mm,05.05.2020
0.0 mm,06.05.2020
0.0 mm,07.05.2020
0.0 mm,08.05.2020
0.0 mm,09.05.2020
71.6 mm,10.05.2020
0.1 mm,11.05.2020
2.2 mm,12.05.2020
0.3 mm,13.05.2020
10.4 mm,14.05.2020
12.0 mm,15.05.2020
3.6 mm,16.05.2020
0.0 mm,17.05.2020
0.0 mm,18.05.2020
0.0 mm,19.05.2020
0.0 mm,20.05.2020
0.0 mm,21.05.2020
0.0 mm,22.05.2020
0.0 mm,23.05.2020
0.0 mm,24.05.2020
0.0 mm,25.05.2020
0.0 mm,26.05.2020
7.2 mm,27.05.2020
0.0 mm,28.05.2020
7.5 mm,29.05.2020
0.3 mm,30.05.2020
13.3 mm,31.05.2020
12.7 mm,01.06.2020
0.5 mm,02.06.2020
2.1 mm,03.06.2020
13.1 mm,04.06.2020
0.0 mm,05.06.2020
9.4 mm,06.06.2020
27.0 mm,07.06.2020
7.8 mm,08.06.2020
0.1 mm,09.06.2020
3.0 mm,10.06.2020
22.4 mm,11.06.2020
3.6 mm,12.06.2020
0.0 mm,13.06.2020
0.0 mm,14.06.2020
0.0 mm,15.06.2020
5.6 mm,16.06.2020
0.0 mm,17.06.2020
0.7 mm,19.06.2020
0.0 mm,20.06.2020
0.0 mm,21.06.2020
0.0 mm,22.06.2020
0.0 mm,23.06.2020
0.0 mm,24.06.2020
5.5 mm,25.06.2020
0.0 mm,26.06.2020
0.0 mm,27.06.2020
0.0 mm,28.06.2020
0.0 mm,29.06.2020
1.2 mm,30.06.2020
0.1 mm,01.07.2020
26.2 mm,02.07.2020
10.1 mm,03.07.2020
0.0 mm,04.07.2020
0.0 mm,05.07.2020
0.0 mm,06.07.2020
0.0 mm,07.07.2020
0.0 mm,08.07.2020
0.0 mm,09.07.2020
0.0 mm,10.07.2020
0.0 mm,11.07.2020
1.5 mm,12.07.2020
19.5 mm,13.07.2020
0.1 mm,14.07.2020
0.0 mm,15.07.2020
0.0 mm,16.07.2020
0.0 mm,17.07.2020
0.0 mm,18.07.2020
0.0 mm,19.07.2020
0.0 mm,20.07.2020
0.0 mm,21.07.2020
0.0 mm,22.07.2020
0.0 mm,23.07.2020
3.4 mm,24.07.2020
0.0 mm,25.07.2020
0.0 mm,26.07.2020
0.1 mm,27.07.2020
0.1 mm,28.07.2020
0.0 mm,29.07.2020
0.0 mm,31.07.2020
0.0 mm,01.08.2020
0.0 mm,02.08.2020
0.0 mm,03.08.2020
0.0 mm,04.08.2020
0.0 mm,05.08.2020
0.0 mm,06.08.2020
0.0 mm,07.08.2020
5.6 mm,08.08.2020
12.9 mm,09.08.2020
0.2 mm,10.08.2020
0.0 mm,11.08.2020
1.5 mm,12.08.2020
0.0 mm,13.08.2020
9.5 mm,14.08.2020
0.4 mm,15.08.2020
0.0 mm,16.08.2020
0.0 mm,17.08.2020
0.0 mm,18.08.2020
0.0 mm,19.08.2020
0.0 mm,20.08.2020
0.0 mm,21.08.2020
0.0 mm,22.08.2020
0.0 mm,23.08.2020
0.0 mm,24.08.2020
0.0 mm,25.08.2020
0.0 mm,26.08.2020
0.0 mm,27.08.2020
19.4 mm,28.08.2020
10.5 mm,29.08.2020
0.1 mm,30.08.2020
0.0 mm,31.08.2020
0.0 mm,01.09.2020
0.0 mm,02.09.2020
0.0 mm,03.09.2020
0.0 mm,04.09.2020
0.0 mm,05.09.2020
0.0 mm,06.09.2020
0.0 mm,07.09.2020
0.1 mm,08.09.2020
10.9 mm,09.09.2020
0.0 mm,10.09.2020
0.0 mm,11.09.2020
0.0 mm,12.09.2020
0.0 mm,13.09.2020
0.0 mm,14.09.2020
0.0 mm,15.09.2020
1.0 mm,16.09.2020
0.0 mm,17.09.2020
9.2 mm,18.09.2020
0.5 mm,19.09.2020
0.0 mm,20.09.2020
3.5 mm,21.09.2020
0.1 mm,22.09.2020
0.0 mm,23.09.2020
0.0 mm,24.09.2020
0.1 mm,25.09.2020
1.2 mm,26.09.2020
0.1 mm,27.09.2020
0.0 mm,28.09.2020
0.0 mm,29.09.2020
0.0 mm,30.09.2020
0.0 mm,01.10.2020
18.0 mm,02.10.2020
0.0 mm,03.10.2020
0.0 mm,04.10.2020
0.0 mm,05.10.2020
0.0 mm,06.10.2020
0.0 mm,07.10.2020
0.0 mm,08.10.2020
0.0 mm,09.10.2020
0.7 mm,10.10.2020
0.1 mm,11.10.2020
0.0 mm,12.10.2020
0.0 mm,13.10.2020
4.2 mm,14.10.2020
0.1 mm,15.10.2020
0.0 mm,16.10.2020
0.0 mm,17.10.2020
0.0 mm,18.10.2020
0.0 mm,19.10.2020
0.0 mm,20.10.2020
0.0 mm,21.10.2020
19.5 mm,22.10.2020
1.7 mm,23.10.2020
0.0 mm,24.10.2020
0.8 mm,25.10.2020
0.6 mm,26.10.2020
0.0 mm,27.10.2020
0.0 mm,28.10.2020
0.0 mm,29.10.2020
0.0 mm,30.10.2020
0.0 mm,31.10.2020
0.0 mm,01.11.2020
0.0 mm,02.11.2020
11.5 mm,03.11.2020
14.3 mm,04.11.2020
0.1 mm,05.11.2020
4.1 mm,06.11.2020
47.7 mm,07.11.2020
0.2 mm,08.11.2020
0.0 mm,09.11.2020
2.0 mm,10.11.2020
0.2 mm,11.11.2020
0.0 mm,12.11.2020
0.0 mm,13.11.2020
0.0 mm,14.11.2020
0.0 mm,15.11.2020
0.0 mm,16.11.2020
0.0 mm,17.11.2020
0.0 mm,18.11.2020
0.0 mm,19.11.2020
0.0 mm,20.11.2020
0.0 mm,21.11.2020
0.0 mm,22.11.2020
0.1 mm,23.11.2020
0.0 mm,24.11.2020
0.0 mm,25.11.2020
4.0 mm,26.11.2020
11.2 mm,27.11.2020
4.5 mm,28.11.2020
0.1 mm,29.11.2020
0.1 mm,30.11.2020
0.1 mm,01.12.2020
0.0 mm,02.12.2020
0.0 mm,03.12.2020
0.0 mm,04.12.2020
0.1 mm,05.12.2020
0.0 mm,06.12.2020
2.0 mm,07.12.2020
0.0 mm,08.12.2020
0.0 mm,09.12.2020
0.0 mm,10.12.2020
1.4 mm,11.12.2020
0.6 mm,12.12.2020
0.0 mm,13.12.2020
0.0 mm,14.12.2020
0.0 mm,15.12.2020
0.1 mm,16.12.2020
0.0 mm,17.12.2020
0.0 mm,18.12.2020
0.3 mm,19.12.2020
1.1 mm,20.12.2020
0.0 mm,21.12.2020
0.0 mm,22.12.2020
0.0 mm,23.12.2020
0.1 mm,24.12.2020
0.0 mm,25.12.2020
0.0 mm,26.12.2020
0.0 mm,27.12.2020
0.1 mm,28.12.2020
0.0 mm,29.12.2020
0.1 mm,30.12.2020
0.0 mm,31.12.2020
0.0 mm,01.01.2021
0.0 mm,02.01.2021
0.0 mm,03.01.2021
0.0 mm,04.01.2021
0.0 mm,05.01.2021
0.0 mm,06.01.2021
0.0 mm,07.01.2021
0.0 mm,08.01.2021
sense dades,09.01.2021
1:30 TU,10.01.2021
23:58 TU,11.01.2021
0.0 mm,12.01.2021
0.1 mm,14.01.2021
0.1 mm,15.01.2021
0.0 mm,16.01.2021
0.0 mm,17.01.2021
0.0 mm,18.01.2021
0.1 mm,19.01.2021
0.3 mm,20.01.2021
0.0 mm,21.01.2021
23:59 TU,22.01.2021
6:30 TU,23.01.2021
23:35 TU,24.01.2021
0.0 mm,25.01.2021
0.0 mm,26.01.2021
0.0 mm,27.01.2021
0.0 mm,28.01.2021
0.0 mm,29.01.2021
0.3 mm,30.01.2021
3.5 mm,31.01.2021
0.1 mm,01.02.2021
0.0 mm,02.02.2021
0.0 mm,03.02.2021
0.0 mm,04.02.2021
0.0 mm,05.02.2021
0.8 mm,06.02.2021
0.3 mm,07.02.2021
0.8 mm,08.02.2021
9.1 mm,09.02.2021
0.1 mm,10.02.2021
0.1 mm,11.02.2021
2.1 mm,12.02.2021
0.2 mm,13.02.2021
2.3 mm,14.02.2021
0.1 mm,15.02.2021
0.0 mm,16.02.2021
0.0 mm,17.02.2021
0.0 mm,18.02.2021
0.0 mm,19.02.2021
0.0 mm,21.02.2021
22.7 mm,22.02.2021
0.3 mm,23.02.2021
0.0 mm,24.02.2021
0.0 mm,25.02.2021
0.1 mm,26.02.2021
0.0 mm,27.02.2021
1.1 mm,28.02.2021
0.1 mm,01.03.2021
0.0 mm,02.03.2021
0.0 mm,03.03.2021
0.0 mm,04.03.2021
5.0 mm,05.03.2021
8.7 mm,06.03.2021
1.4 mm,07.03.2021
1.2 mm,08.03.2021
0.0 mm,09.03.2021
0.1 mm,10.03.2021
0.0 mm,11.03.2021
3.9 mm,12.03.2021
0.1 mm,13.03.2021
0.0 mm,14.03.2021
0.0 mm,15.03.2021
0.0 mm,16.03.2021
0.0 mm,17.03.2021
0.0 mm,18.03.2021
0.1 mm,19.03.2021
0.0 mm,20.03.2021
0.0 mm,21.03.2021
0.0 mm,22.03.2021
0.0 mm,23.03.2021
0.0 mm,24.03.2021
0.0 mm,25.03.2021
0.0 mm,26.03.2021
0.0 mm,27.03.2021
0.0 mm,28.03.2021
0.0 mm,29.03.2021
0.0 mm,30.03.2021
0.0 mm,31.03.2021
0.0 mm,01.04.2021
0.0 mm,02.04.2021
0.0 mm,04.04.2021
0.0 mm,05.04.2021
0.0 mm,06.04.2021
0.0 mm,07.04.2021
0.0 mm,08.04.2021
1.6 mm,09.04.2021
0.0 mm,10.04.2021
9.0 mm,11.04.2021
0.1 mm,12.04.2021
0.0 mm,13.04.2021
2.3 mm,14.04.2021
4.7 mm,15.04.2021
9.5 mm,16.04.2021
0.1 mm,17.04.2021
0.0 mm,18.04.2021
0.2 mm,19.04.2021
1.4 mm,20.04.2021
1.3 mm,21.04.2021
0.0 mm,22.04.2021
0.0 mm,23.04.2021
0.0 mm,24.04.2021
0.8 mm,25.04.2021
7.1 mm,26.04.2021
0.1 mm,27.04.2021
17.4 mm,28.04.2021
21.6 mm,29.04.2021
21.9 mm,30.04.2021
15.4 mm,01.05.2021
0.1 mm,02.05.2021
0.0 mm,03.05.2021
0.0 mm,04.05.2021
0.0 mm,05.05.2021
0.0 mm,06.05.2021
0.0 mm,07.05.2021
0.0 mm,08.05.2021
2.5 mm,09.05.2021
0.9 mm,10.05.2021
0.7 mm,11.05.2021
0.0 mm,12.05.2021
0.0 mm,13.05.2021
0.0 mm,14.05.2021
0.0 mm,15.05.2021
0.5 mm,16.05.2021
0.0 mm,17.05.2021
0.0 mm,18.05.2021
0.0 mm,19.05.2021
0.0 mm,20.05.2021
0.0 mm,21.05.2021
1.7 mm,22.05.2021
0.1 mm,23.05.2021
0.0 mm,24.05.2021
0.0 mm,25.05.2021
0.0 mm,26.05.2021
0.0 mm,27.05.2021
0.0 mm,28.05.2021
10.1 mm,30.05.2021
0.1 mm,31.05.2021
9.7 mm,01.06.2021
0.1 mm,02.06.2021
0.0 mm,03.06.2021
1.2 mm,04.06.2021
0.4 mm,05.06.2021
11.7 mm,06.06.2021
2.1 mm,07.06.2021
0.0 mm,08.06.2021
8.4 mm,09.06.2021
0.5 mm,10.06.2021
37.1 mm,11.06.2021
0.1 mm,12.06.2021
0.0 mm,13.06.2021
3.5 mm,14.06.2021
0.0 mm,15.06.2021
0.0 mm,16.06.2021
33.5 mm,17.06.2021
0.1 mm,18.06.2021
4.1 mm,19.06.2021
17.2 mm,20.06.2021
0.0 mm,21.06.2021
0.0 mm,22.06.2021
4.2 mm,23.06.2021
0.0 mm,24.06.2021
0.0 mm,25.06.2021
0.0 mm,26.06.2021
0.0 mm,27.06.2021
0.0 mm,28.06.2021
0.0 mm,29.06.2021
0.0 mm,30.06.2021
0.0 mm,01.07.2021
0.0 mm,02.07.2021
0.0 mm,03.07.2021
0.0 mm,04.07.2021
0.0 mm,05.07.2021
0.2 mm,06.07.2021
0.2 mm,07.07.2021
0.0 mm,08.07.2021
0.0 mm,09.07.2021
0.0 mm,10.07.2021
0.1 mm,11.07.2021
0.0 mm,12.07.2021
0.0 mm,13.07.2021
0.0 mm,14.07.2021
0.0 mm,15.07.2021
0.0 mm,16.07.2021
0.0 mm,17.07.2021
0.0 mm,18.07.2021
0.0 mm,19.07.2021
0.7 mm,20.07.2021
0.0 mm,21.07.2021
0.0 mm,22.07.2021
0.0 mm,23.07.2021
0.0 mm,24.07.2021
0.0 mm,25.07.2021
2.3 mm,26.07.2021
0.0 mm,27.07.2021
0.0 mm,28.07.2021
0.0 mm,29.07.2021
0.0 mm,30.07.2021
30.3 mm,31.07.2021
0.1 mm,01.08.2021
0.0 mm,02.08.2021
0.0 mm,03.08.2021
15.8 mm,04.08.2021
0.0 mm,05.08.2021
0.0 mm,06.08.2021
0.0 mm,07.08.2021
0.0 mm,08.08.2021
0.0 mm,09.08.2021
0.0 mm,10.08.2021
0.0 mm,11.08.2021
0.0 mm,13.08.2021
0.0 mm,14.08.2021
0.0 mm,15.08.2021
0.0 mm,16.08.2021
0.0 mm,17.08.2021
0.0 mm,18.08.2021
4.3 mm,19.08.2021
0.0 mm,20.08.2021
0.0 mm,21.08.2021
0.0 mm,22.08.2021
0.0 mm,23.08.2021
0.3 mm,24.08.2021
5.6 mm,25.08.2021
0.1 mm,26.08.2021
0.0 mm,27.08.2021
0.0 mm,28.08.2021
0.0 mm,29.08.2021
0.0 mm,30.08.2021
4.2 mm,31.08.2021
0.8 mm,01.09.2021
0.7 mm,02.09.2021
0.0 mm,03.09.2021
0.0 mm,04.09.2021
0.0 mm,05.09.2021
2.5 mm,06.09.2021
0.0 mm,07.09.2021
3.1 mm,08.09.2021
6.7 mm,09.09.2021
21.0 mm,10.09.2021
0.1 mm,11.09.2021
0.0 mm,12.09.2021
5.1 mm,13.09.2021
0.2 mm,14.09.2021
0.0 mm,15.09.2021
4.2 mm,16.09.2021
0.1 mm,17.09.2021
12.5 mm,18.09.2021
0.1 mm,19.09.2021
3.5 mm,20.09.2021
0.1 mm,21.09.2021
0.0 mm,22.09.2021
0.0 mm,23.09.2021
0.0 mm,24.09.2021
0.6 mm,25.09.2021
0.0 mm,26.09.2021
0.0 mm,27.09.2021
0.0 mm,28.09.2021
0.0 mm,29.09.2021
0.0 mm,30.09.2021
0.0 mm,01.10.2021
0.0 mm,02.10.2021
8.0 mm,03.10.2021
7.7 mm,04.10.2021
0.0 mm,05.10.2021
0.0 mm,06.10.2021
0.0 mm,07.10.2021
0.0 mm,08.10.2021
0.0 mm,09.10.2021
0.0 mm,10.10.2021
0.0 mm,11.10.2021
0.0 mm,12.10.2021
0.0 mm,13.10.2021
0.0 mm,14.10.2021
0.0 mm,15.10.2021
0.0 mm,16.10.2021
0.0 mm,17.10.2021
0.0 mm,18.10.2021
0.0 mm,19.10.2021
0.0 mm,20.10.2021
0.0 mm,21.10.2021
0.0 mm,22.10.2021
0.0 mm,23.10.2021
0.0 mm,24.10.2021
0.0 mm,25.10.2021
0.0 mm,26.10.2021
0.0 mm,27.10.2021
0.0 mm,28.10.2021
12.5 mm,30.10.2021
1.3 mm,31.10.2021
5.7 mm,01.11.2021
0.0 mm,02.11.2021
13.7 mm,03.11.2021
0.2 mm,04.11.2021
0.0 mm,05.11.2021
0.1 mm,06.11.2021
0.0 mm,07.11.2021
0.0 mm,08.11.2021
0.0 mm,09.11.2021
0.8 mm,10.11.2021
3.7 mm,11.11.2021
0.0 mm,12.11.2021
0.0 mm,13.11.2021
0.0 mm,14.11.2021
0.0 mm,15.11.2021
0.0 mm,16.11.2021
0.1 mm,17.11.2021
0.0 mm,18.11.2021
0.0 mm,19.11.2021
0.1 mm,20.11.2021
0.0 mm,21.11.2021
0.0 mm,22.11.2021
28.7 mm,23.11.2021
6.3 mm,24.11.2021
0.1 mm,25.11.2021
0:15 TU,26.11.2021
,27.11.2021
,28.11.2021
,29.11.2021
,30.11.2021
0.3 mm,01.12.2021
0.0 mm,02.12.2021
0.0 mm,03.12.2021
0.1 mm,04.12.2021
0.1 mm,05.12.2021
0.0 mm,06.12.2021
0.1 mm,07.12.2021
0.1 mm,08.12.2021
0.0 mm,09.12.2021
0.9 mm,10.12.2021
0.0 mm,11.12.2021
0.0 mm,12.12.2021
0.1 mm,13.12.2021
0.1 mm,14.12.2021
0.1 mm,15.12.2021
0.1 mm,16.12.2021
0.1 mm,17.12.2021
0.1 mm,18.12.2021
0.1 mm,19.12.2021
0.1 mm,20.12.2021
0.1 mm,21.12.2021
0.0 mm,22.12.2021
0.0 mm,23.12.2021
0.1 mm,24.12.2021
0.0 mm,25.12.2021
0.1 mm,26.12.2021
0.0 mm,27.12.2021
0.0 mm,28.12.2021
0.1 mm,29.12.2021
0.0 mm,30.12.2021
0.2 mm,31.12.2021
0.1 mm,01.01.2022
0.0 mm,02.01.2022
0.0 mm,03.01.2022
0.0 mm,04.01.2022
0.0 mm,05.01.2022
0.0 mm,06.01.2022
0.0 mm,07.01.2022
0.0 mm,08.01.2022
0.0 mm,09.01.2022
2.5 mm,10.01.2022
0.1 mm,11.01.2022
0.2 mm,12.01.2022
0.1 mm,13.01.2022
0.0 mm,14.01.2022
0.1 mm,15.01.2022
0.0 mm,16.01.2022
0.1 mm,17.01.2022
0.0 mm,18.01.2022
0.0 mm,19.01.2022
0.1 mm,20.01.2022
0.1 mm,21.01.2022
0.0 mm,22.01.2022
0.1 mm,23.01.2022
0.1 mm,24.01.2022
0.0 mm,25.01.2022
0.1 mm,26.01.2022
0.0 mm,27.01.2022
0.0 mm,28.01.2022
0.0 mm,29.01.2022
0.0 mm,30.01.2022
0.0 mm,31.01.2022
0.0 mm,01.02.2022
0.0 mm,02.02.2022
0.0 mm,03.02.2022
0.0 mm,04.02.2022
0.0 mm,05.02.2022
0.0 mm,06.02.2022
0.0 mm,07.02.2022
0.1 mm,08.02.2022
0.0 mm,09.02.2022
0.0 mm,10.02.2022
0.0 mm,11.02.2022
0.0 mm,12.02.2022
3.8 mm,13.02.2022
4.2 mm,14.02.2022
0.2 mm,15.02.2022
0.0 mm,16.02.2022
0.0 mm,17.02.2022
0.0 mm,18.02.2022
6.9 mm,19.02.2022
0.0 mm,20.02.2022
0.1 mm,21.02.2022
0.0 mm,22.02.2022
0.0 mm,23.02.2022
0.0 mm,24.02.2022
0.0 mm,25.02.2022
0.0 mm,26.02.2022
0.0 mm,27.02.2022
0.0 mm,28.02.2022
0.0 mm,01.03.2022
1.0 mm,02.03.2022
0.1 mm,03.03.2022
0.0 mm,04.03.2022
0.0 mm,05.03.2022
2.9 mm,06.03.2022
0.0 mm,07.03.2022
0.0 mm,08.03.2022
0.0 mm,09.03.2022
0.7 mm,10.03.2022
12.5 mm,11.03.2022
16.3 mm,12.03.2022
4.0 mm,13.03.2022
1.7 mm,14.03.2022
0.0 mm,15.03.2022
0.0 mm,16.03.2022
0.0 mm,17.03.2022
1.4 mm,18.03.2022
0.0 mm,19.03.2022
8.5 mm,20.03.2022
23:45 TU,21.03.2022
23:49 TU,22.03.2022
0.1 mm,23.03.2022
0.0 mm,24.03.2022
0.0 mm,25.03.2022
0.5 mm,26.03.2022
23:54 TU,27.03.2022
5:41 TU,28.03.2022
2.4 mm,29.03.2022
11.4 mm,30.03.2022
0.0 mm,31.03.2022
0.0 mm,01.04.2022
0.0 mm,02.04.2022
8.3 mm,03.04.2022
0.0 mm,04.04.2022
0.0 mm,05.04.2022
0.0 mm,06.04.2022
0.0 mm,07.04.2022
0.0 mm,08.04.2022
0.0 mm,09.04.2022
0.0 mm,10.04.2022
0.0 mm,11.04.2022
0.1 mm,12.04.2022
1.0 mm,13.04.2022
0.0 mm,14.04.2022
0.0 mm,15.04.2022
0.0 mm,16.04.2022
0.0 mm,17.04.2022
0.0 mm,18.04.2022
7.8 mm,19.04.2022
2.4 mm,20.04.2022
0.5 mm,21.04.2022
0.0 mm,22.04.2022
18.3 mm,23.04.2022
0.0 mm,24.04.2022
0.0 mm,25.04.2022
0.0 mm,26.04.2022
0.0 mm,27.04.2022
2.7 mm,28.04.2022
3.2 mm,29.04.2022
5.8 mm,30.04.2022
5.2 mm,01.05.2022
1.2 mm,02.05.2022
5.2 mm,04.05.2022
0.0 mm,05.05.2022
0.0 mm,06.05.2022
0.0 mm,07.05.2022
0.0 mm,08.05.2022
0.0 mm,09.05.2022
0.0 mm,10.05.2022
0.0 mm,11.05.2022
0.0 mm,12.05.2022
0.0 mm,13.05.2022
0.0 mm,14.05.2022
0.0 mm,15.05.2022
0.0 mm,16.05.2022
0.0 mm,17.05.2022
0.0 mm,18.05.2022
0.0 mm,19.05.2022
0.0 mm,20.05.2022
0.0 mm,21.05.2022
0.0 mm,22.05.2022
0.0 mm,23.05.2022
15.2 mm,24.05.2022
2.1 mm,25.05.2022
0.0 mm,26.05.2022
0.0 mm,27.05.2022
0.0 mm,28.05.2022
0.0 mm,29.05.2022
0.0 mm,30.05.2022
0.0 mm,31.05.2022
0.1 mm,01.06.2022
0.0 mm,02.06.2022
0.0 mm,03.06.2022
0.0 mm,04.06.2022
0.0 mm,05.06.2022
0.0 mm,06.06.2022
0.0 mm,07.06.2022
0.9 mm,08.06.2022
0.0 mm,09.06.2022
0.0 mm,10.06.2022
0.0 mm,11.06.2022
0.0 mm,12.06.2022
0.0 mm,13.06.2022
3.1 mm,14.06.2022
32.6 mm,15.06.2022
0.0 mm,16.06.2022
0.0 mm,17.06.2022
0.0 mm,18.06.2022
0.0 mm,19.06.2022
0.0 mm,20.06.2022
10.2 mm,21.06.2022
1.5 mm,22.06.2022
0.2 mm,23.06.2022
0.0 mm,24.06.2022
0.0 mm,25.06.2022
0.0 mm,26.06.2022
0.9 mm,27.06.2022
0.0 mm,28.06.2022
0.3 mm,29.06.2022
0.4 mm,30.06.2022
0.4 mm,01.07.2022
0.0 mm,02.07.2022
1.1 mm,03.07.2022
0.0 mm,04.07.2022
0.0 mm,05.07.2022
8.9 mm,06.07.2022
0.0 mm,07.07.2022
0.0 mm,08.07.2022
0.0 mm,09.07.2022
0.0 mm,10.07.2022
0.0 mm,11.07.2022
0.0 mm,12.07.2022
0.0 mm,13.07.2022
0.0 mm,14.07.2022
0.0 mm,15.07.2022
0.0 mm,16.07.2022
0.0 mm,17.07.2022
0.0 mm,18.07.2022
0.0 mm,19.07.2022
0.0 mm,20.07.2022
0.0 mm,21.07.2022
0.0 mm,22.07.2022
0.0 mm,23.07.2022
0.0 mm,24.07.2022
0.0 mm,25.07.2022
0.0 mm,26.07.2022
0.0 mm,27.07.2022
27.4 mm,28.07.2022
0.1 mm,29.07.2022
0.0 mm,30.07.2022
9.8 mm,31.07.2022
8.3 mm,01.08.2022
0.5 mm,02.08.2022
20.6 mm,03.08.2022
10.5 mm,05.08.2022
2.0 mm,06.08.2022
5.0 mm,07.08.2022
9.7 mm,08.08.2022
3.7 mm,09.08.2022
10.2 mm,10.08.2022
0.1 mm,11.08.2022
0.0 mm,12.08.2022
0.0 mm,13.08.2022
0.0 mm,14.08.2022
0.0 mm,15.08.2022
0.0 mm,16.08.2022
0.0 mm,17.08.2022
6.1 mm,18.08.2022
0.1 mm,19.08.2022
0.0 mm,20.08.2022
0.0 mm,21.08.2022
0.0 mm,22.08.2022
0.0 mm,23.08.2022
1.8 mm,24.08.2022
49.3 mm,25.08.2022
1.9 mm,26.08.2022
0.8 mm,27.08.2022
0.0 mm,28.08.2022
1.4 mm,29.08.2022
0.1 mm,30.08.2022
15.3 mm,31.08.2022
0.1 mm,01.09.2022
0.0 mm,02.09.2022
4.7 mm,03.09.2022
0.0 mm,04.09.2022
0.0 mm,05.09.2022
0.0 mm,06.09.2022
0.0 mm,07.09.2022
0.0 mm,08.09.2022
0.0 mm,09.09.2022
0.0 mm,10.09.2022
0.0 mm,11.09.2022
0.0 mm,12.09.2022
8.1 mm,13.09.2022
10.5 mm,14.09.2022
0.2 mm,15.09.2022
0.0 mm,16.09.2022
0.0 mm,17.09.2022
0.0 mm,18.09.2022
0.0 mm,19.09.2022
0.0 mm,20.09.2022
0.0 mm,21.09.2022
0.0 mm,22.09.2022
41.9 mm,23.09.2022
13.1 mm,24.09.2022
0.3 mm,25.09.2022
0.0 mm,26.09.2022
0.0 mm,27.09.2022
0.0 mm,28.09.2022
0.7 mm,29.09.2022
0.1 mm,30.09.2022
0.0 mm,01.10.2022
0.0 mm,02.10.2022
0.0 mm,04.10.2022
0.0 mm,05.10.2022
0.4 mm,07.10.2022
0.4 mm,08.10.2022
8.6 mm,09.10.2022
0.1 mm,10.10.2022
0.0 mm,11.10.2022
0.0 mm,12.10.2022
0.0 mm,13.10.2022
0.0 mm,14.10.2022
0.0 mm,15.10.2022
0.0 mm,16.10.2022
0.0 mm,17.10.2022
0.0 mm,18.10.2022
0.1 mm,19.10.2022
21.1 mm,20.10.2022
0.3 mm,21.10.2022
0.4 mm,22.10.2022
1.2 mm,23.10.2022
0.3 mm,24.10.2022
0.0 mm,25.10.2022
0.0 mm,26.10.2022
0.0 mm,27.10.2022
0.0 mm,28.10.2022
0.0 mm,29.10.2022
0.0 mm,30.10.2022
8.3 mm,31.10.2022
0.1 mm,01.11.2022
0.1 mm,02.11.2022
0.6 mm,03.11.2022
0.1 mm,04.11.2022
0.0 mm,05.11.2022
0.0 mm,06.11.2022
0.0 mm,07.11.2022
0.1 mm,08.11.2022
0.0 mm,09.11.2022
0.0 mm,10.11.2022
0.0 mm,11.11.2022
0.0 mm,12.11.2022
0.0 mm,13.11.2022
0.1 mm,14.11.2022
0.2 mm,15.11.2022
0.0 mm,16.11.2022
1.6 mm,17.11.2022
0.3 mm,18.11.2022
0.0 mm,19.11.2022
0.0 mm,20.11.2022
17.8 mm,21.11.2022
0.1 mm,22.11.2022
0.0 mm,23.11.2022
0.5 mm,24.11.2022
0.2 mm,25.11.2022
0.1 mm,26.11.2022
0.0 mm,27.11.2022
4.0 mm,28.11.2022
0.1 mm,29.11.2022
0.1 mm,30.11.2022
0.1 mm,01.12.2022
0.0 mm,02.12.2022
0.9 mm,03.12.2022
0.7 mm,04.12.2022
0.1 mm,05.12.2022
0.0 mm,06.12.2022
0.1 mm,07.12.2022
13.6 mm,08.12.2022
2.1 mm,09.12.2022
0.1 mm,10.12.2022
0.0 mm,11.12.2022
16.4 mm,12.12.2022
1.1 mm,13.12.2022
1.1 mm,14.12.2022
19.3 mm,15.12.2022
0.1 mm,16.12.2022
0.0 mm,17.12.2022
0.1 mm,18.12.2022
0.1 mm,19.12.2022
0.2 mm,20.12.2022
0.0 mm,21.12.2022
0.2 mm,22.12.2022
0.0 mm,23.12.2022
0.1 mm,24.12.2022
0.1 mm,25.12.2022
0.1 mm,26.12.2022
0.1 mm,27.12.2022
0.1 mm,28.12.2022
0.1 mm,29.12.2022
0.1 mm,30.12.2022
0.1 mm,31.12.2022
0.0 mm,01.01.2023
1.1 mm,02.01.2023
23:55 TU,03.01.2023
23:56 TU,04.01.2023
0.1 mm,05.01.2023
0.1 mm,06.01.2023
0.0 mm,07.01.2023
1.7 mm,08.01.2023
23:41 TU,09.01.2023
7:30 TU,10.01.2023
0.1 mm,12.01.2023
0.0 mm,13.01.2023
0.0 mm,14.01.2023
0.1 mm,15.01.2023
3.4 mm,16.01.2023
4.8 mm,17.01.2023
0.0 mm,18.01.2023
0.3 mm,19.01.2023
0.0 mm,20.01.2023
0.0 mm,21.01.2023
0.0 mm,22.01.2023
0.0 mm,24.01.2023
0.0 mm,25.01.2023
0.0 mm,26.01.2023
0.0 mm,27.01.2023
0.1 mm,28.01.2023
0.0 mm,29.01.2023
0.0 mm,30.01.2023
0.1 mm,31.01.2023
0.0 mm,01.02.2023
0.0 mm,02.02.2023
0.0 mm,03.02.2023
0.0 mm,04.02.2023
0.0 mm,05.02.2023
0.0 mm,06.02.2023
3.9 mm,07.02.2023
0.0 mm,09.02.2023
0.0 mm,10.02.2023
0.1 mm,11.02.2023
0.0 mm,12.02.2023
0.0 mm,13.02.2023
0.0 mm,14.02.2023
0.0 mm,15.02.2023
0.0 mm,16.02.2023
0.0 mm,17.02.2023
0.0 mm,18.02.2023
0.0 mm,19.02.2023
0.0 mm,20.02.2023
0.0 mm,21.02.2023
0.6 mm,22.02.2023
16.4 mm,23.02.2023
7.7 mm,24.02.2023
0.0 mm,25.02.2023
1.4 mm,26.02.2023
0.0 mm,27.02.2023
0.0 mm,28.02.2023
0.0 mm,01.03.2023
0.0 mm,02.03.2023
0.0 mm,03.03.2023
0.0 mm,04.03.2023
0.0 mm,05.03.2023
0.0 mm,06.03.2023
0.0 mm,07.03.2023
0.0 mm,08.03.2023
0.3 mm,09.03.2023
0.0 mm,10.03.2023
0.0 mm,11.03.2023
0.0 mm,12.03.2023
0.4 mm,13.03.2023
0.0 mm,14.03.2023
0.0 mm,15.03.2023
0.0 mm,16.03.2023
0.0 mm,17.03.2023
1.2 mm,18.03.2023
0.1 mm,19.03.2023
0.0 mm,20.03.2023
0.0 mm,21.03.2023
0.0 mm,22.03.2023
0.0 mm,23.03.2023
0.0 mm,24.03.2023
0.0 mm,25.03.2023
0.0 mm,26.03.2023
0.0 mm,27.03.2023
0.0 mm,28.03.2023
0.0 mm,29.03.2023
0.0 mm,31.03.2023
0.6 mm,01.04.2023
0.0 mm,02.04.2023
0.0 mm,04.04.2023
0.0 mm,05.04.2023
0.0 mm,06.04.2023
0.0 mm,07.04.2023
0.0 mm,08.04.2023
0.0 mm,09.04.2023
0.0 mm,10.04.2023
0.0 mm,11.04.2023
0.1 mm,12.04.2023
0.4 mm,13.04.2023
1.1 mm,14.04.2023
0.0 mm,15.04.2023
0.0 mm,16.04.2023
0.4 mm,17.04.2023
